{"count":1,"self":119.8075904,"total":737.104879,"children":{"InitializeActuators":{"count":2,"self":0.0015899999999999998,"total":0.0015899999999999998,"children":null},"InitializeSensors":{"count":2,"self":0.0018629999999999999,"total":0.005684,"children":{"CreateObservableSensors":{"count":2,"self":0.0038209999999999997,"total":0.0038209999999999997,"children":null}}},"AgentSendState":{"count":271223,"self":1.712003,"total":9.1033549999999988,"children":{"CollectObservations":{"count":226048,"self":2.187973,"total":2.187973,"children":null},"WriteActionMask":{"count":226048,"self":0.29997199999999996,"total":0.29997199999999996,"children":null},"RequestDecision":{"count":226048,"self":1.2441609999999999,"total":4.903407,"children":{"AgentInfo.ToProto":{"count":226048,"self":1.277142,"total":3.659246,"children":{"GenerateSensorData":{"count":226048,"self":2.382104,"total":2.382104,"children":null}}}}}}},"DecideAction":{"count":271223,"self":587.95627519999994,"total":587.956298,"children":null},"AgentAct":{"count":271223,"self":20.2231424,"total":20.227907,"children":{"AgentInfo.ToProto":{"count":304,"self":0.001836,"total":0.004764,"children":{"GenerateSensorData":{"count":304,"self":0.002928,"total":0.002928,"children":null}}}}},"AgentInfo.ToProto":{"count":82,"self":0.000571,"total":0.0014579999999999999,"children":{"GenerateSensorData":{"count":82,"self":0.000887,"total":0.000887,"children":null}}}},"gauges":{"My Behavior.CumulativeReward":{"count":386,"max":0.8,"min":-38.00007,"runningAverage":-7.591709,"value":-1,"weightedAverage":-0.9077501}},"metadata":{"timer_format_version":"0.1.0","start_time_seconds":"1740855078","unity_version":"6000.0.24f1","command_line_arguments":"\/Applications\/Unity\/Hub\/Editor\/6000.0.24f1\/Unity.app\/Contents\/MacOS\/Unity","communication_protocol_version":"1.5.0","com.unity.ml-agents_version":"3.0.0","scene_name":"TrianingScene 1","end_time_seconds":"1740855815"}}