{"count":1,"self":11.7963504,"total":43.2868644,"children":{"InitializeActuators":{"count":2,"self":0.0015088999999999999,"total":0.0015088999999999999,"children":null},"InitializeSensors":{"count":2,"self":0.0015057999999999998,"total":0.0045127,"children":{"CreateObservableSensors":{"count":2,"self":0.0030069,"total":0.0030069,"children":null}}},"AgentSendState":{"count":4684,"self":0.017391399999999998,"total":0.1089638,"children":{"CollectObservations":{"count":3904,"self":0.022521199999999998,"total":0.022521199999999998,"children":null},"WriteActionMask":{"count":3904,"self":0.0015159,"total":0.0015159,"children":null},"RequestDecision":{"count":3904,"self":0.0266815,"total":0.067535299999999993,"children":{"AgentInfo.ToProto":{"count":3904,"self":0.017489499999999998,"total":0.040853799999999996,"children":{"GenerateSensorData":{"count":3904,"self":0.023364299999999998,"total":0.023364299999999998,"children":null}}}}}}},"DecideAction":{"count":4684,"self":29.875215999999998,"total":29.875216799999997,"children":null},"AgentAct":{"count":4684,"self":1.4541887999999998,"total":1.4541887999999998,"children":{"AgentInfo.ToProto":{"count":8,"self":0,"total":0,"children":{"GenerateSensorData":{"count":8,"self":0,"total":0,"children":null}}}}},"CreateObservableSensors":{"count":298,"self":0.046123399999999995,"total":0.046123399999999995,"children":null}},"gauges":{"My Behavior.CumulativeReward":{"count":8,"max":-3.835023,"min":-14.3201733,"runningAverage":-7.93820763,"value":-6.720063,"weightedAverage":-7.52994633}},"metadata":{"timer_format_version":"0.1.0","start_time_seconds":"1740863958","unity_version":"6000.0.24f1","command_line_arguments":"C:\\Program Files\\Unity\\Hub\\Editor\\6000.0.24f1\\Editor\\Unity.exe -projectpath D:\\Neural Brawl -useHub -hubIPC -cloudEnvironment production","communication_protocol_version":"1.5.0","com.unity.ml-agents_version":"3.0.0","scene_name":"TrianingScene 1","end_time_seconds":"1740864001"}}