Episode,Winner,Duration,RemainingHealth
1,Player2,5.46,80
2,Player2,10.20,80
3,Player2,16.02,100
4,Player2,24.12,60
5,Player2,31.50,40
6,Player2,38.70,60
7,Player2,49.26,100
8,Player2,53.28,60
9,Player2,58.32,60
10,Player2,66.72,80
11,Player2,75.90,80
12,Player2,81.36,60
13,Player2,84.84,60
1,Player2,60.00,100
3,Player2,60.00,80
5,Player2,60.00,100
7,Player2,60.00,40
9,Player1,60.00,100
11,Player1,60.00,100
13,Player1,60.00,100
15,Draw,60.00,80
17,Player1,60.00,60
19,Draw,60.00,100
21,Draw,60.00,100
23,Player2,60.00,80
25,Player1,60.00,100
27,Draw,60.00,100
29,Player2,60.00,100
31,Draw,60.00,80
33,Player2,60.00,100
35,Player2,60.00,60
37,Player2,60.00,60
39,Player2,60.00,100
41,Draw,60.00,100
43,Draw,60.00,100
45,Draw,60.00,100
47,Draw,60.00,100
49,Draw,60.00,100
51,Draw,60.00,100
53,Draw,60.00,100
55,Draw,60.00,100
57,Draw,60.00,100
59,Draw,60.00,100
61,Draw,60.00,100
63,Draw,60.00,100
65,Draw,60.00,100
67,Draw,60.00,100
69,Draw,60.00,100
71,Draw,60.00,100
73,Draw,60.00,100
75,Draw,60.00,100
77,Draw,60.00,100
79,Draw,60.00,100
81,Draw,60.00,100
83,Draw,60.00,100
85,Draw,60.00,100
87,Draw,60.00,100
89,Draw,60.00,100
91,Draw,60.00,100
93,Draw,60.00,100
95,Draw,60.00,100
97,Draw,60.00,100
99,Draw,60.00,100
101,Draw,60.00,100
103,Draw,60.00,100
105,Draw,60.00,100
107,Draw,60.00,100
109,Draw,60.00,100
111,Draw,60.00,100
113,Draw,60.00,100
115,Draw,60.00,100
117,Draw,60.00,100
119,Draw,60.00,100
121,Draw,60.00,100
123,Draw,60.00,100
125,Draw,60.00,100
127,Draw,60.00,100
129,Draw,60.00,100
131,Draw,60.00,100
133,Draw,60.00,100
135,Draw,60.00,100
137,Draw,60.00,100
139,Draw,60.00,100
141,Draw,60.00,100
143,Draw,60.00,100
145,Draw,60.00,100
147,Draw,60.00,100
149,Draw,60.00,100
151,Draw,60.00,100
153,Draw,60.00,100
155,Draw,60.00,100
157,Draw,60.00,100
159,Draw,60.00,100
161,Draw,60.00,100
163,Draw,60.00,100
165,Draw,60.00,100
167,Draw,60.00,100
169,Draw,60.00,100
171,Draw,60.00,100
173,Draw,60.00,100
175,Draw,60.00,100
177,Draw,60.00,100
179,Draw,60.00,100
181,Draw,60.00,100
183,Draw,60.00,100
185,Draw,60.00,100
187,Draw,60.00,100
189,Draw,60.00,100
191,Draw,60.00,100
193,Draw,60.00,100
195,Draw,60.00,100
197,Draw,60.00,100
199,Draw,60.00,100
202,Draw,60.00,100
204,Draw,60.00,100
206,Draw,60.00,100
208,Draw,60.00,100
210,Draw,60.00,100
212,Draw,60.00,100
214,Draw,60.00,100
216,Draw,60.00,100
218,Draw,60.00,100
1,Player2,60.00,100
3,Draw,60.00,80
5,Player2,60.00,100
7,Draw,60.00,40
9,Draw,60.00,80
11,Player2,60.00,100
13,Player1,60.00,80
15,Draw,60.00,80
17,Draw,60.00,40
19,Player2,60.00,100
21,Player2,60.00,100
23,Player1,60.00,80
25,Player2,60.00,80
29,Player1,60.00,100
31,Draw,60.00,100
33,Draw,60.00,80
35,Draw,60.00,60
37,Player1,60.00,100
39,Player1,60.00,100
41,Player1,60.00,80
43,Draw,60.00,60
45,Player2,2639.34,80
47,Player2,60.00,80
49,Draw,60.00,80
51,Draw,60.00,80
53,Draw,60.00,100
55,Player1,60.00,100
57,Player2,3317.34,20
59,Draw,60.00,100
61,Draw,60.00,100
63,Draw,60.00,100
65,Draw,60.00,100
67,Draw,60.00,100
69,Draw,60.00,100
71,Draw,60.00,100
73,Draw,60.00,100
75,Draw,60.00,100
77,Draw,60.00,100
79,Draw,60.00,100
81,Draw,60.00,100
83,Draw,60.00,100
85,Draw,60.00,100
1,Player2,60.00,100
3,Player2,60.00,80
5,Draw,60.00,100
7,Player1,60.00,60
9,Player1,60.00,100
11,Player2,60.00,100
13,Player1,60.00,80
15,Player1,60.00,100
17,Player1,60.00,60
19,Player1,60.00,100
21,Draw,60.00,100
23,Draw,60.00,100
25,Player1,60.00,100
27,Draw,60.00,100
29,Draw,60.00,80
31,Player1,60.00,100
33,Player2,60.00,100
36,Player2,60.00,60
38,Draw,60.00,100
40,Player2,60.00,80
42,Player2,60.00,80
44,Player2,2602.56,60
46,Draw,60.00,20
48,Player2,60.00,100
50,Player2,60.00,100
52,Draw,60.00,80
54,Player2,60.00,80
56,Player2,60.00,100
58,Player2,60.00,100
60,Player1,60.00,60
62,Player2,60.00,60
64,Player2,60.00,100
66,Player2,3902.70,80
68,Draw,60.00,100
70,Player1,60.00,80
72,Player2,60.00,100
74,Player1,60.00,100
76,Draw,60.00,80
78,Player2,60.00,60
80,Player2,60.00,100
82,Player2,4835.67,80
84,Player2,60.00,40
86,Player2,60.00,100
88,Player1,60.00,100
90,Player2,60.00,80
92,Player1,60.00,100
94,Player2,60.00,60
96,Player1,60.00,40
98,Draw,60.00,100
100,Player2,60.00,100
102,Draw,60.00,100
104,Draw,60.00,20
106,Draw,60.00,60
108,Player1,60.00,80
110,Player2,60.00,100
112,Player2,60.00,100
114,Draw,60.00,100
116,Player2,60.00,60
118,Player2,60.00,60
120,Player1,60.00,100
122,Player1,60.00,80
124,Draw,60.00,80
126,Player2,60.00,60
128,Draw,60.00,100
130,Draw,60.00,80
132,Player2,60.00,100
134,Player2,7915.56,60
136,Player1,60.00,80
138,Player2,8138.94,60
140,Player2,60.00,80
142,Player1,60.00,80
144,Draw,60.00,20
147,Player2,60.00,60
149,Draw,60.00,40
151,Player1,60.00,40
152,Player2,8960.70,20
154,Player1,60.00,40
155,Player2,9107.67,80
157,Player2,9175.14,20
159,Player1,60.00,100
161,Draw,60.00,60
163,Player2,60.00,60
165,Player1,60.00,60
167,Player2,60.00,100
169,Player2,9867.36,80
170,Player2,9905.10,60
172,Player1,60.00,60
174,Player1,60.00,60
176,Player2,10261.92,40
178,Draw,60.00,60
180,Player2,60.00,100
182,Player2,60.00,80
183,Player2,10663.56,80
185,Player2,60.00,80
187,Draw,60.00,80
189,Draw,60.00,60
191,Player1,60.00,80
193,Player2,60.00,40
195,Player1,60.00,60
197,Player2,11502.36,60
199,Player1,60.00,100
201,Player2,60.00,40
202,Player2,11732.01,80
204,Player1,60.00,100
209,Player2,12098.34,80
211,Player1,60.00,60
213,Player2,60.00,100
215,Player1,60.00,40
216,Player2,12504.15,20
218,Player2,12585.87,40
222,Player1,60.00,80
224,Player1,60.00,80
225,Player2,12962.13,60
227,Player1,60.00,80
228,Player2,13138.68,60
229,Player2,13166.67,40
231,Player2,60.00,100
234,Player1,60.00,40
236,Player2,13580.67,40
237,Player2,13631.01,20
239,Player1,60.00,40
241,Player2,60.00,60
243,Player1,60.00,80
245,Player2,60.00,60
247,Player1,60.00,60
249,Player2,60.00,60
252,Player1,60.00,60
253,Player2,14547.36,60
255,Player2,60.00,80
256,Player2,14713.71,20
257,Player2,14772.36,60
259,Player2,60.00,60
261,Player2,60.00,80
265,Player2,15154.02,60
267,Draw,60.00,20
269,Player2,60.00,80
271,Player1,60.00,60
273,Player2,15609.45,80
275,Player2,15701.01,60
277,Player1,60.00,80
278,Player2,15866.07,80
279,Player2,15918.36,20
281,Player2,16034.70,60
283,Player2,16153.68,60
286,Player2,60.00,100
288,Player2,60.00,80
289,Player2,16419.45,60
290,Player2,16457.49,20
293,Player2,16584.99,20
295,Player1,60.00,40
297,Player2,60.00,60
299,Draw,60.00,20
301,Player1,60.00,40
304,Player2,60.00,60
305,Player2,17297.70,40
306,Player2,17352.81,40
309,Draw,60.00,60
311,Player1,60.00,60
312,Player2,17651.34,60
313,Player2,17682.09,20
315,Player2,17773.02,20
317,Player2,60.00,60
319,Player2,18001.77,40
321,Player2,60.00,40
322,Player2,18136.71,60
324,Player2,60.00,100
326,Player1,60.00,80
328,Player1,60.00,40
330,Player2,60.00,80
332,Player2,60.00,100
334,Player2,60.00,60
336,Player2,18893.43,20
338,Player1,60.00,80
339,Player2,19060.95,20
341,Player2,60.00,80
343,Draw,60.00,80
346,Player2,19434.38,20
351,Player2,19591.68,80
353,Player2,60.00,100
354,Player2,19742.72,20
355,Player2,19784.06,60
356,Player2,19806.69,40
357,Player2,19866.75,40
359,Player2,19939.22,40
361,Player1,60.00,60
362,Player2,20042.01,20
364,Draw,60.00,60
366,Player1,60.00,80
367,Player2,20313.36,60
369,Player2,60.00,60
371,Player1,60.00,80
372,Player2,20604.69,60
374,Player2,60.00,80
381,Draw,60.00,40
384,Player2,21111.09,40
386,Player2,60.00,60
387,Player2,21243.36,80
389,Player2,21341.06,40
392,Player2,21482.01,80
394,Player2,21586.68,40
396,Draw,60.00,80
398,Player1,60.00,40
400,Player2,21891.36,20
403,Player2,60.00,60
404,Player2,22085.19,60
406,Player1,60.00,60
408,Draw,60.00,40
412,Player2,22409.96,60
414,Player2,22516.67,60
416,Player2,22583.79,80
417,Player2,22634.37,20
419,Player2,22721.37,60
421,Player1,60.00,60
423,Player1,60.00,60
424,Player2,23002.11,100
425,Player2,23026.04,40
427,Player1,60.00,80
430,Player1,60.00,60
431,Player2,23363.06,40
438,Player2,23661.92,20
440,Player2,23740.34,40
441,Player2,23772.35,40
443,Player2,23814.08,40
445,Player2,23904.68,60
449,Player2,24052.73,40
452,Player2,24144.02,40
454,Player1,60.00,40
456,Player2,24355.01,80
458,Player2,24458.09,20
460,Player1,60.00,40
462,Player1,60.00,100
464,Player1,60.00,80
468,Draw,60.00,60
471,Draw,60.00,40
472,Player2,25151.33,60
474,Player2,25266.68,60
475,Player2,25308.35,60
477,Player2,25386.53,40
478,Player2,25436.09,20
481,Player2,25565.69,20
482,Player2,25587.02,60
484,Player2,60.00,60
486,Player1,60.00,60
490,Player2,25988.45,80
492,Player1,60.00,80
495,Draw,60.00,20
497,Player1,60.00,40
499,Player1,60.00,80
501,Draw,60.00,20
502,Player2,26644.67,60
504,Player2,26712.68,80
506,Draw,60.00,20
510,Player2,26970.35,40
511,Player2,26999.69,60
513,Draw,60.00,20
515,Player2,27212.45,40
517,Player2,27310.13,20
519,Player2,27382.34,40
520,Player2,27427.67,20
523,Player2,27579.35,60
525,Player2,27671.39,40
529,Player2,27794.03,40
531,Draw,60.00,100
537,Player2,28160.00,80
541,Player2,28290.17,60
543,Player2,28404.02,40
544,Player2,28414.73,40
545,Player2,28442.69,40
547,Player2,28543.67,40
548,Player2,28573.13,20
550,Player2,28634.69,60
552,Player2,60.00,40
554,Player2,28860.35,40
556,Player2,28919.69,60
560,Player2,29087.36,60
561,Player2,29143.34,40
564,Player2,29288.69,60
567,Player2,29432.03,20
568,Player2,29463.05,20
571,Player2,29524.34,40
575,Player2,29691.02,80
578,Player2,29781.83,20
580,Player1,60.00,40
582,Player2,29992.85,80
583,Player2,30006.89,60
585,Player2,30081.71,60
588,Player2,60.00,40
589,Player2,30251.69,80
590,Player2,30305.00,60
592,Draw,60.00,40
593,Player2,30446.75,40
594,Player2,30480.41,80
596,Player2,30576.02,40
598,Player2,30679.37,40
599,Player2,30720.68,20
600,Player2,30773.15,20
610,Player2,31043.45,40
611,Player2,31085.03,80
612,Player2,31101.02,40
613,Player2,31157.00,20
614,Player2,31209.02,40
616,Player1,60.00,60
617,Player2,31367.09,40
618,Player2,31416.35,40
620,Player2,31515.35,40
622,Player2,31558.01,60
623,Player2,31611.35,40
627,Player2,31782.68,40
628,Player2,31836.02,40
629,Player2,31861.34,100
630,Player2,31886.75,60
631,Player2,31900.13,60
632,Player2,31952.39,60
635,Draw,60.00,40
638,Player2,32273.45,20
640,Player2,60.00,80
642,Player2,32468.36,40
644,Player2,32551.67,100
645,Player2,32579.69,20
647,Player2,32666.36,40
648,Player2,32692.19,40
649,Player2,32716.01,40
650,Player2,32769.35,20
652,Player2,32843.00,40
653,Player2,32856.53,80
654,Player2,32888.36,20
655,Player2,32936.36,60
660,Player2,33160.34,40
664,Player2,33333.05,20
665,Player2,33366.35,60
667,Player2,33441.68,60
669,Player2,33504.71,20
670,Player2,33547.67,40
672,Player2,33633.35,80
673,Player2,33683.03,20
675,Player2,33715.01,40
677,Player2,33808.85,20
680,Player2,33961.43,40
681,Player2,33977.51,80
686,Player2,34211.69,60
687,Player2,34270.37,80
688,Player2,34293.02,20
690,Player2,34309.01,60
691,Player2,34349.03,20
693,Player2,34438.67,40
694,Player2,34454.69,60
695,Player2,34474.79,40
696,Player2,34507.01,80
699,Player2,34625.00,80
700,Player2,34649.03,80
702,Player2,34724.81,60
703,Player2,34752.02,40
704,Player2,34810.67,100
705,Player2,34821.35,100
706,Player2,34866.68,20
709,Draw,60.00,20
710,Player2,35035.01,20
711,Player2,35070.68,60
713,Player2,60.00,80
714,Player2,35191.01,100
716,Player2,35274.41,80
718,Player2,60.00,80
720,Player2,35461.34,40
724,Player2,35642.39,40
726,Player1,60.00,40
728,Player2,35773.34,20
729,Player2,35807.09,60
731,Player2,35900.75,40
732,Player2,35926.67,60
734,Player2,36001.67,20
736,Player2,36039.02,80
738,Player2,36122.00,40
739,Player2,36150.02,40
741,Player2,36212.69,40
742,Player2,36223.67,60
747,Player2,36379.01,20
748,Player2,36408.35,20
750,Player2,36459.35,20
751,Player2,36498.68,20
752,Player2,36530.72,20
754,Player2,36575.24,20
757,Player2,36707.69,60
759,Player2,36789.80,60
760,Player2,36834.20,60
762,Player2,36912.68,100
763,Player2,36926.42,80
765,Player2,36975.74,40
769,Player2,37144.04,60
770,Player2,37169.72,60
775,Draw,60.00,60
776,Player2,37403.06,60
777,Player2,37439.36,80
778,Player2,37467.80,20
782,Player2,37571.90,20
784,Player2,60.00,60
787,Player2,37773.68,40
788,Player2,37804.34,40
789,Player2,37817.69,60
790,Player2,37855.34,80
792,Player2,37909.01,20
793,Player2,37939.76,40
794,Player2,37958.36,40
797,Player2,38119.40,60
800,Player2,38190.35,20
804,Player2,38314.70,80
808,Player2,38436.35,60
809,Player2,38456.42,20
810,Player2,38485.67,20
815,Player2,38668.04,40
816,Player2,38700.74,60
818,Player2,38778.35,20
821,Draw,60.00,20
822,Player2,38955.35,60
823,Player2,38991.32,20
825,Player2,39068.72,20
828,Player2,39167.72,40
829,Player2,39205.04,40
830,Player2,39230.69,80
832,Player2,39296.69,40
839,Player2,39524.69,60
841,Player2,39611.36,20
845,Player1,60.00,60
849,Player2,39899.72,40
850,Player2,39926.42,20
851,Player2,39966.44,40
857,Player2,40177.46,20
863,Player2,40371.02,40
866,Player2,40451.69,40
868,Player2,40509.35,40
872,Player2,40651.34,20
874,Player2,40706.00,20
875,Player2,40735.34,40
877,Player2,40808.48,20
878,Player2,40850.42,80
879,Player2,40884.02,20
881,Player2,40980.35,20
882,Player2,41039.06,40
884,Draw,60.00,40
888,Player2,41262.38,60
890,Player2,41324.12,40
891,Player2,41372.48,20
893,Draw,60.00,20
894,Player2,41484.80,40
897,Player2,41618.42,40
901,Player2,41791.67,20
903,Player2,60.00,80
904,Player2,41906.78,20
907,Player2,41997.38,80
908,Player2,42019.04,60
909,Player2,42033.68,60
911,Draw,60.00,60
913,Player2,42251.84,40
915,Player2,42310.40,20
918,Player2,42392.24,60
920,Player1,60.00,40
922,Player2,42583.16,80
925,Player2,42690.35,40
926,Player2,42723.74,20
928,Player2,42821.48,20
932,Player2,42971.06,40
934,Player2,43015.46,60
935,Player2,43041.02,60
938,Player2,43142.48,20
940,Player2,43208.42,60
941,Player2,43215.02,40
942,Player2,43240.34,60
943,Player2,43261.76,80
944,Player2,43281.68,40
946,Player2,60.00,60
947,Player2,43418.06,60
950,Draw,60.00,40
954,Player2,43721.69,20
956,Player2,43776.80,40
957,Player2,43831.67,60
960,Player2,43905.02,40
962,Player2,43993.01,40
966,Player2,60.00,60
967,Player2,44187.35,40
971,Player2,44310.38,40
973,Player2,44377.22,80
975,Player2,44429.36,80
978,Player2,44531.78,20
983,Player2,44675.69,40
985,Player2,60.00,40
992,Player2,45033.02,60
993,Player2,45085.01,40
994,Player2,45138.35,60
995,Player2,45181.70,40
998,Player2,45320.84,40
1001,Player2,45382.67,40
1006,Player2,45484.52,20
1007,Player2,45515.48,20
1008,Player2,45544.67,60
1011,Player2,45647.72,60
1016,Player2,45755.84,40
1020,Player2,45888.02,20
1021,Player2,45927.02,60
1027,Player1,60.00,60
1033,Player2,46282.70,40
1034,Player2,46330.67,40
1035,Player2,46364.48,40
1036,Player2,46424.36,40
1038,Player2,46512.98,20
1048,Player2,46784.72,40
1057,Player2,47067.02,80
1060,Player2,47174.36,20
1061,Player2,47199.92,60
1062,Player2,47222.36,40
1067,Player2,47386.40,60
1072,Player2,47514.68,40
1073,Player2,47545.46,40
1075,Player2,47579.03,60
1082,Player2,47829.68,40
1083,Player2,47843.03,60
1084,Player2,47871.14,20
1085,Player2,47901.68,60
1089,Player1,60.00,40
1092,Player2,48156.02,60
1093,Player2,48184.01,40
1096,Player2,48267.35,60
1097,Player2,48309.02,20
1099,Player2,48374.75,60
1105,Player1,60.00,60
1108,Player2,48611.75,60
1109,Player2,48641.09,40
1110,Player2,48661.37,20
1112,Player2,48755.39,60
1114,Player2,48838.37,100
1115,Player2,48855.68,60
1116,Player2,48871.79,40
1119,Player2,48966.77,20
1120,Player2,48985.34,60
1121,Player2,49000.13,80
1122,Player2,49044.41,60
1124,Player2,49098.35,40
1125,Player2,49129.01,40
1126,Player2,49165.01,40
1127,Player2,49196.03,80
1130,Player2,60.00,100
1133,Player2,49476.65,40
1135,Player2,49564.67,20
1143,Player2,49776.35,60
1144,Player2,49804.37,60
1145,Player2,49833.77,40
1148,Player2,49955.15,40
1149,Player2,49963.13,60
1150,Player2,50002.01,20
1151,Player2,50032.67,60
1158,Player2,50320.79,20
1159,Player2,50363.81,20
1161,Player2,50426.36,40
1164,Player2,50550.02,40
1168,Player2,50650.43,80
1169,Player2,50659.67,80
1170,Player2,50679.68,20
1174,Draw,60.00,60
1176,Player2,50925.83,80
1177,Player2,50978.03,40
1182,Player2,51134.39,60
1183,Player2,51143.69,80
1184,Player2,51170.39,60
1185,Player2,51195.68,60
1186,Player2,51222.35,40
1189,Player2,51317.15,60
1191,Player1,60.00,40
1192,Player2,51420.02,20
1193,Player2,51441.35,60
1194,Player2,51469.34,20
1195,Player2,51492.05,40
1196,Player2,51517.49,60
1197,Player2,51533.45,20
1198,Player2,51584.27,20
1199,Player2,51620.39,20
1200,Player2,51635.57,20
1201,Player2,51668.81,40
1204,Player2,51759.68,60
1215,Player2,52093.01,20
1216,Player2,52113.05,60
1218,Player2,52170.89,80
1226,Player2,52405.01,20
1228,Player2,52499.03,40
1229,Player2,52517.81,40
1230,Player2,52528.55,40
1231,Player2,52539.17,20
1233,Player2,52596.68,40
1234,Player2,52626.05,20
1235,Player2,52643.36,60
1237,Player2,52696.34,40
1238,Player2,52723.07,40
1239,Player2,52760.36,60
1241,Player2,60.00,80
1242,Player2,52935.35,20
1244,Player2,53023.37,20
1248,Player2,53163.35,20
1251,Player2,53271.35,60
1254,Player2,53362.01,20
1255,Player2,53376.68,80
1257,Player2,53454.02,40
1261,Player2,53534.36,60
1264,Player2,53633.45,40
1265,Player2,53644.07,80
1268,Player2,53753.36,40
1269,Player2,53805.35,20
1272,Player2,53887.13,20
1273,Player2,53917.85,40
1274,Player2,53949.68,40
1275,Player2,53968.37,20
1278,Player2,54081.02,60
1280,Player2,54186.35,20
1284,Player2,54281.09,20
1285,Player2,54305.36,80
1289,Player2,54413.69,100
1292,Draw,60.00,40
1294,Player2,54616.67,40
1295,Player2,54648.71,40
1296,Player2,54666.02,40
1298,Player2,54731.39,100
1302,Player2,54880.01,40
1303,Player2,54906.71,20
1308,Player2,55040.36,40
1310,Player2,55107.02,80
1315,Draw,60.00,20
1316,Player2,55330.73,20
1320,Player2,55439.21,60
1321,Player2,55445.69,60
1322,Player2,55473.68,60
1323,Player2,55498.01,80
1324,Player2,55526.21,80
1325,Player2,55555.34,20
1327,Player2,55606.67,60
1329,Player2,55666.67,40
1331,Player2,55752.35,80
1332,Player2,55796.36,60
1333,Player2,55812.35,80
1334,Player2,55840.34,60
1335,Player2,55871.03,100
1336,Player2,55918.01,20
1337,Player2,55942.25,40
1338,Player2,55950.35,60
1340,Player2,56007.71,40
1343,Player2,56107.67,20
1346,Player2,56209.49,20
1347,Player2,56247.35,40
1349,Player2,56308.96,60
1353,Player2,56431.79,40
1354,Player2,56478.35,20
1359,Player2,56625.89,60
1360,Player2,56658.02,20
1361,Player2,56706.35,60
1362,Player2,56733.05,20
1363,Player2,56754.35,80
1364,Player2,56782.34,60
1366,Player2,56810.69,20
1369,Player2,56865.35,40
1372,Player2,56946.68,60
1373,Player2,56964.02,60
1374,Player2,56997.35,20
1376,Player2,57085.70,20
1378,Player2,57143.36,20
1385,Player2,57302.63,40
1386,Player2,57357.71,40
1388,Player2,57412.34,40
1391,Player2,57452.36,60
1392,Player2,57476.36,40
1393,Player2,57505.70,20
1394,Player2,57560.39,80
1397,Player2,57639.02,60
1403,Player2,57799.73,60
1404,Player2,57836.03,60
1408,Player2,57929.57,20
1409,Player2,57944.36,80
1410,Player2,57975.59,60
1411,Player2,57995.36,60
1413,Player2,58057.01,20
1414,Player2,58090.70,40
1415,Player2,58149.35,20
1418,Player2,58220.69,20
1421,Player2,58272.71,60
1422,Player2,58290.11,80
1429,Player2,58453.34,20
1430,Player2,58482.77,40
1434,Player2,58544.69,80
1435,Player2,58564.73,20
1436,Player2,58602.02,40
1438,Player2,58666.19,60
1439,Player2,58706.87,40
1442,Player2,58793.69,20
1447,Player2,58975.37,60
1449,Player2,59066.57,40
1450,Player2,59090.75,40
1456,Player2,59256.02,20
1458,Player2,59290.70,40
1459,Player2,59304.35,100
1461,Player2,59376.35,20
1462,Player2,59427.16,20
1464,Player2,59490.05,80
1465,Player2,59508.77,60
1466,Player2,59556.71,60
1467,Player2,59578.01,80
1468,Player2,59591.45,40
1471,Player2,59651.39,60
1472,Player2,59690.45,20
1479,Player2,59811.68,60
1480,Player2,59822.39,20
1481,Player2,59836.13,100
1483,Player2,59894.75,60
1490,Player2,60037.88,20
1492,Player2,60060.35,80
1495,Player2,60120.68,80
1501,Player2,60298.34,60
1505,Player2,60392.36,40
1506,Player2,60420.35,60
1508,Player2,60453.68,40
1510,Player2,60513.68,20
1512,Player2,60569.69,60
1514,Player2,60627.07,40
1515,Player2,60643.00,40
1517,Player2,60689.71,40
1519,Player2,60735.25,60
1521,Player2,60787.04,20
1522,Player2,60823.00,60
1523,Player2,60875.05,100
1525,Player2,60939.02,20
1527,Player2,60984.38,40
1529,Player2,61065.02,20
1535,Player2,61236.34,40
1537,Player2,61275.07,20
1538,Player2,61312.70,40
1543,Player2,61410.38,20
1544,Player2,61431.68,40
1545,Player2,61467.73,40
1547,Player2,61510.34,100
1550,Player2,61610.41,20
1551,Player2,61643.68,20
1554,Draw,60.00,40
1557,Player2,61865.68,60
1558,Player2,61916.36,80
1560,Player2,61960.46,60
1573,Player2,62295.68,20
1574,Player2,62334.34,40
1575,Player2,62386.52,60
1577,Player2,60.00,40
1578,Player2,62500.09,20
1580,Player2,62547.34,60
1585,Player2,62713.00,80
1586,Player2,62737.39,20
1587,Player2,62765.48,60
1589,Player2,62853.38,40
1590,Player2,62866.70,20
1591,Player2,62895.34,60
1594,Player2,63026.02,20
1600,Player2,63187.00,20
1601,Player2,63197.68,40
1603,Player2,63252.34,20
1605,Player2,63342.07,40
1606,Player2,63374.41,80
1608,Player2,63415.75,80
1609,Player2,63442.70,80
1617,Player2,63674.68,40
1618,Player2,63701.48,40
1623,Player2,63847.75,40
1624,Player2,63855.68,60
1625,Player2,63889.04,80
1629,Player2,63997.75,20
1631,Player2,64052.36,80
1632,Player2,64072.34,60
1636,Player2,64175.68,20
1638,Player2,64226.54,20
1639,Player2,64250.36,100
1640,Player2,64291.70,20
1641,Player2,64325.02,20
1642,Player2,64339.70,60
1643,Player2,64366.34,40
1646,Player2,64427.68,20
1650,Player2,64522.39,40
1652,Player2,64589.02,20
1653,Player2,64626.34,20
1656,Player2,64694.41,40
1657,Player2,64725.02,40
1666,Player2,64927.27,20
1668,Player2,64966.16,40
1672,Player2,60.00,40
1678,Player2,65290.75,40
1679,Player2,65298.68,40
1681,Player2,65353.34,40
1684,Draw,60.00,20
1686,Player2,65516.68,40
1696,Player2,65756.12,20
1700,Player2,65859.34,20
1704,Player2,65948.69,40
1705,Player2,65991.38,40
1708,Player2,66063.34,80
1712,Player2,66197.02,40
1713,Player2,66229.01,20
1717,Player2,66389.41,20
1721,Player2,66444.02,40
1722,Player2,66480.55,20
1724,Player2,66528.67,20
1726,Player2,66560.69,100
1727,Player2,66583.34,60
1728,Player2,66602.30,20
1730,Draw,60.00,20
1743,Player2,66893.35,20
1745,Player2,66982.76,60
1746,Player2,67002.67,20
1747,Player2,67040.02,20
1751,Player2,67138.76,20
1754,Player2,67229.35,40
1755,Player2,67244.05,60
1756,Player2,67265.35,80
1759,Player2,67312.34,40
1760,Player2,67340.35,40
1761,Player2,67373.77,60
1767,Player2,67547.02,20
1769,Player2,67634.02,20
1770,Player2,67670.41,40
1771,Player2,67698.67,40
1776,Player2,67868.53,20
1778,Player2,67891.01,60
1779,Player2,67916.53,20
1784,Player2,68085.07,20
1787,Player2,68165.05,40
1788,Player2,68190.34,20
1789,Player2,68198.35,40
1792,Player2,68243.71,20
1793,Player2,68282.35,20
1797,Player2,68394.85,40
1802,Player2,68531.35,20
1805,Player2,60.00,40
1806,Player2,68658.34,80
1808,Player2,68705.05,60
1810,Player2,68737.03,20
1811,Player2,68768.35,20
1812,Player2,68783.12,20
1815,Player1,60.00,40
1817,Player2,68908.70,40
1818,Player2,68935.34,40
1822,Player2,69030.07,20
1823,Player2,69051.34,60
1824,Player2,69058.00,20
1825,Player2,69084.67,40
1826,Player2,69099.38,40
1827,Player2,69146.05,40
1830,Player2,69216.67,20
1832,Player2,69255.62,40
1836,Draw,60.00,20
1838,Player2,69408.02,20
1848,Player2,69692.35,20
1850,Player2,69757.70,20
1853,Player2,69825.67,40
1856,Player2,69893.68,20
1857,Player2,69908.35,40
1860,Player2,69956.35,20
1861,Player2,69965.68,60
1862,Player2,69991.00,40
1864,Player2,70070.41,60
1865,Player2,70102.70,80
1866,Player2,70121.35,80
1867,Player2,70159.03,20
1875,Player2,70370.02,40
1880,Player2,70478.05,40
1882,Player2,70557.02,80
1884,Player2,70629.13,40
1885,Player2,70662.38,40
1888,Player2,70754.41,20
1890,Player2,70778.35,100
1891,Player2,70795.70,60
1893,Player2,70853.23,20
1897,Player2,70996.36,60
1899,Player2,71043.02,40
1901,Player2,71077.81,60
1902,Player2,71092.36,80
1905,Player2,71212.75,40
1906,Player2,71218.00,80
1907,Player2,71256.85,40
1908,Player2,71278.09,60
1909,Player2,71299.36,60
1912,Player2,71366.02,20
1913,Player2,71387.71,20
1917,Player2,71525.41,60
1918,Player2,71562.67,20
1922,Player2,71653.36,20
1923,Player2,71677.39,60
1927,Player2,71773.36,60
1931,Player2,71858.95,20
1933,Player2,71916.67,60
1934,Player2,71942.17,80
1935,Player2,71959.36,80
1936,Player2,72004.70,60
1938,Player1,60.00,40
1943,Player2,72174.02,20
1944,Player2,72184.78,60
1945,Player2,72200.80,80
1947,Player2,72252.70,40
1948,Player2,72285.04,60
1951,Player2,72358.73,40
1952,Player2,72376.42,40
1953,Player2,72384.34,100
1954,Player2,72413.80,60
1958,Player2,72537.70,20
1960,Player2,72579.23,20
1964,Player2,72709.00,40
1965,Player2,72737.09,20
1966,Player2,72753.04,60
1967,Player2,72771.67,40
1969,Player2,72843.67,60
1971,Player2,72887.68,40
1972,Player2,72913.06,60
1974,Player2,72945.02,20
1975,Player2,72978.46,20
1976,Player2,72985.00,80
1977,Player2,72999.67,60
1980,Player2,73107.67,20
1981,Player2,73115.68,60
1982,Player2,73145.14,60
1983,Player2,73187.68,20
1984,Player2,73202.74,60
1985,Player2,73228.00,40
1987,Player2,73286.74,20
1989,Player2,73312.00,60
1991,Player2,73366.70,40
1992,Player2,73402.70,40
1993,Player2,73412.02,60
2003,Player2,73723.36,20
2004,Player2,73740.88,60
2005,Player2,73755.34,40
2006,Player2,73772.68,20
2012,Player2,73890.67,20
2013,Player2,73912.06,80
2019,Player2,74097.34,40
2021,Player2,74150.80,20
2023,Player2,74176.60,20
2026,Player2,74295.67,80
2027,Player2,74321.35,80
2028,Player2,74348.09,60
2029,Player2,74389.36,40
2032,Player2,74437.42,40
2034,Player2,74474.74,80
2036,Player2,74552.35,20
2039,Player2,74655.70,60
2041,Player2,74730.88,20
2042,Player2,74767.13,20
2048,Player2,74928.67,40
2049,Player2,74946.02,20
2051,Player2,75031.36,60
2054,Player2,75093.10,20
2059,Player2,75249.02,20
2060,Player2,75276.04,20
2062,Player2,75309.34,40
2063,Player2,75322.72,20
2065,Player2,75366.67,20
2066,Player2,75400.00,60
2070,Player2,75489.40,20
2071,Player2,75542.68,40
2074,Player2,75649.36,20
2080,Player2,75856.36,40
2084,Player2,75992.68,20
2085,Player2,76023.34,20
2091,Player2,76174.06,20
2092,Player2,76198.06,40
2093,Player2,76211.38,60
2094,Player2,76224.67,40
2097,Player2,76340.74,40
2099,Player2,76396.70,60
2101,Player2,76463.38,20
2102,Player2,76491.34,60
2104,Player2,76511.35,80
2106,Player2,76534.13,60
2107,Player2,76570.00,40
2110,Player2,76672.70,40
2113,Player2,76719.34,40
2114,Player2,76738.00,20
2115,Player2,76760.68,40
2116,Player2,76798.06,20
2118,Player2,76852.70,40
2119,Player2,76874.02,20
2121,Player2,76930.30,20
2123,Player2,76989.34,40
2124,Player2,77022.67,40
2125,Player2,77041.36,60
2126,Player2,77072.02,40
2127,Player2,77082.67,80
2128,Player2,77120.02,40
2129,Player2,77144.02,40
2130,Player2,77149.48,60
2131,Player2,77165.35,60
2132,Player2,77173.42,80
2133,Player2,77181.34,20
2137,Player2,77309.35,40
2139,Player2,77349.34,40
2140,Player2,77393.35,20
2142,Player2,77444.38,60
2143,Player2,77476.36,80
2145,Player2,77536.36,20
2146,Player2,77557.70,80
2149,Player2,77643.01,20
2150,Player2,77669.68,60
2154,Player2,77754.10,20
2156,Player2,77792.74,40
2157,Player2,77814.01,40
2158,Player2,77832.67,20
2159,Player2,77847.34,40
2160,Player2,77863.36,40
2161,Player2,77874.01,40
2162,Player2,77918.02,40
2166,Player2,78000.67,60
2167,Player2,78034.42,20
2169,Player2,78067.72,20
2171,Player2,78094.70,40
2173,Player2,78149.38,20
2174,Player2,78176.02,60
2175,Player2,78194.86,40
2180,Player2,78309.34,80
2181,Player2,78368.08,40
2182,Player2,78412.13,60
2183,Player2,78461.80,20
2184,Player2,78476.35,40
2189,Player2,78605.86,20
2190,Player2,78615.01,60
2196,Player2,78728.68,40
2197,Player2,78769.00,20
2199,Player2,78805.36,60
2202,Player2,78873.40,20
2205,Player2,78916.36,40
2207,Player2,78985.72,60
2211,Player2,79065.67,60
2213,Player2,79105.84,20
2214,Player2,79123.36,60
2215,Player2,79143.34,80
2216,Player2,79180.72,20
2217,Player2,79200.67,60
2219,Player2,79240.78,60
2220,Player2,79255.36,60
2224,Player2,79331.35,20
2225,Player2,79348.69,40
2226,Player2,79366.00,60
2227,Player2,79383.67,60
2229,Player2,79407.67,80
2230,Player2,79443.67,40
2235,Player2,79583.80,20
2236,Player2,79601.35,20
2238,Player2,79653.34,20
2241,Player2,79716.01,40
2245,Player2,79780.06,20
2246,Player2,79802.68,20
2251,Player2,79933.69,60
2252,Player2,79959.01,60
2253,Player2,79972.42,80
2257,Player2,80048.38,40
2258,Player2,80068.42,20
2263,Player2,80187.01,20
2266,Player2,80255.02,40
2267,Player2,80269.72,40
2269,Player2,80335.36,40
2274,Player2,80469.01,20
2279,Player2,80573.08,60
2280,Player2,80593.06,60
2283,Player2,80680.00,60
2284,Player2,80721.46,20
2286,Player2,80785.72,60
2287,Player2,80804.74,100
2288,Player2,80822.08,20
2289,Player2,80843.44,20
2290,Player2,80868.67,20
2295,Player2,80994.01,20
2297,Player2,81039.40,20
2298,Player2,81092.92,20
2300,Player2,81126.04,20
2301,Player2,81158.02,60
2303,Player2,81212.68,100
2306,Player2,81264.01,60
2307,Player2,81289.36,20
2309,Player2,81328.06,60
2317,Player2,81508.42,60
2318,Player2,81523.00,40
2321,Player2,81645.70,20
2328,Player2,81862.36,20
2329,Player2,81881.02,40
2330,Player2,81922.69,60
2331,Player2,81946.69,40
2332,Player2,81960.04,20
2334,Player2,82002.67,20
2335,Player2,82032.01,80
2337,Player2,82086.82,40
2338,Player2,82101.34,60
2340,Player2,82129.36,40
2343,Player2,82243.06,40
2345,Player2,82303.36,20
2346,Player2,82331.35,20
2349,Player2,82436.68,20
2352,Player2,82511.80,60
2353,Player2,82521.01,20
2358,Player2,82652.02,20
2360,Player2,82712.02,40
2361,Player2,82730.74,20
2362,Player2,82745.35,60
2363,Player2,82773.46,40
2364,Player2,82789.42,20
2371,Player2,82984.78,20
2373,Player2,83016.67,40
2374,Player2,83034.01,60
2378,Player2,83123.44,40
2379,Player2,83138.02,60
2380,Player2,83179.42,40
2384,Player2,83248.69,20
2385,Player2,83264.74,40
2386,Player2,83300.74,20
2387,Player2,83328.67,20
2388,Player2,83354.02,80
2394,Player2,83495.80,100
2410,Player2,83903.50,20
2411,Player2,83936.02,20
2412,Player2,83968.36,40
2414,Player2,84034.39,60
2415,Player2,84062.35,40
2416,Player2,84089.59,40
2419,Player2,84150.85,60
2421,Player2,84191.17,20
2425,Player2,84318.01,60
2426,Player2,84343.36,40
2431,Player2,84451.39,100
2435,Player2,84514.00,60
2436,Player2,84558.07,20
2437,Player2,84595.36,20
2438,Player2,84612.67,20
2440,Player2,84683.77,20
2441,Player2,84691.69,20
2446,Player2,84798.34,40
2453,Player2,85027.69,20
2456,Player2,85105.09,40
2458,Player2,85139.68,80
2459,Player2,85159.69,20
2467,Player2,85360.15,20
2473,Player2,85555.09,20
2474,Player2,85572.34,40
2477,Player2,85668.43,60
2479,Player2,85715.02,40
2481,Player2,85753.69,40
2482,Player2,85768.36,20
2487,Player2,85892.68,80
2489,Player2,85919.35,80
2492,Draw,60.00,20
2493,Player2,86076.01,60
2496,Player2,86152.81,40
2498,Player2,86180.68,60
2499,Player2,86217.01,20
2501,Player2,86241.01,40
2502,Player2,86271.67,60
2503,Player2,86310.43,40
2504,Player2,86346.67,40
2508,Player2,86433.91,40
2510,Player2,86514.01,20
2511,Player2,86531.35,20
2513,Player2,86590.03,40
2514,Player2,86618.35,40
2515,Player2,86643.01,20
2517,Player2,86744.41,20
2520,Player2,86859.49,60
2522,Player2,86899.69,20
2523,Player2,86951.68,20
2524,Player2,86989.09,40
2529,Player2,87102.67,40
2531,Player2,87136.69,40
2535,Player2,87276.73,60
2538,Player2,87348.67,60
2545,Player2,87519.73,20
2549,Player2,87605.02,40
2550,Player2,87632.02,40
2551,Player2,87641.35,60
2554,Player2,87729.37,100
2558,Player2,87826.75,20
2559,Player2,87853.36,20
2560,Player2,87891.01,40
2562,Player2,87921.73,60
2564,Player2,87976.45,20
2565,Player2,88009.69,100
2566,Player2,88022.35,20
2570,Player2,88113.34,40
2574,Player2,88196.02,20
2576,Player2,88240.09,40
2577,Player2,88249.36,60
2578,Player2,88282.69,60
2581,Player2,88350.67,20
2585,Player2,88437.67,60
2590,Player2,88548.07,20
2592,Player2,88589.35,40
2595,Player2,88667.05,20
2597,Draw,60.00,40
2598,Player2,88770.07,20
2599,Player2,88823.41,40
2601,Player2,88879.36,20
2602,Player2,88912.69,20
2606,Player2,89048.02,20
2608,Draw,60.00,20
2609,Player2,89175.01,60
2610,Player2,89192.41,40
2611,Player2,89209.69,40
2612,Player2,89220.34,20
2613,Player2,89235.01,20
2619,Player2,89413.09,20
2627,Player2,89617.03,40
2628,Player2,89657.02,40
2629,Player2,89678.59,40
2630,Player2,89697.37,80
2631,Player2,89714.71,60
2632,Player2,89733.67,80
2634,Player2,89791.03,20
2638,Player2,89879.02,20
2640,Player2,89968.39,20
2641,Player2,90005.77,40
2642,Player2,90019.27,20
2644,Player2,90047.53,40
2648,Player2,90160.69,80
2649,Player2,90202.03,60
2650,Player2,90227.35,20
2652,Player2,90262.09,60
2658,Player2,90375.73,60
2659,Player2,90407.83,60
2660,Player2,90423.67,40
2662,Player2,90511.75,40
2663,Player2,90537.01,60
2664,Player2,90593.35,20
2665,Player2,90608.02,20
2671,Player2,90723.07,20
2677,Player2,90862.39,40
2679,Player2,90907.80,40
2680,Player2,90926.35,20
2681,Player2,90965.02,20
2684,Player2,91034.35,80
2686,Player2,91069.09,40
2690,Player2,91157.02,40
2691,Player2,91174.36,80
2692,Player2,91207.80,20
2696,Player2,91324.03,40
2700,Player2,91416.67,60
2701,Player2,91436.71,80
2702,Player2,91467.34,20
2706,Player2,91519.69,40
2707,Player2,91534.36,40
2711,Player2,91678.36,40
2712,Player2,91707.67,20
2719,Player2,91863.67,40
2726,Player2,92038.36,40
2729,Player2,92087.68,40
2730,Player2,92101.03,60
2734,Player2,92224.03,20
2735,Player2,92250.73,40
2736,Player2,92274.73,20
2738,Player2,92305.36,60
2739,Player2,92343.79,60
2741,Player2,92409.07,60
2744,Player2,92480.41,40
2747,Player2,92544.34,60
2749,Player2,92569.69,60
2750,Player2,92579.02,80
2751,Player2,92595.07,60
2752,Player2,92641.80,20
2753,Player2,92675.02,20
2754,Player2,92715.37,20
2757,Player2,92799.34,20
2758,Player2,92828.05,20
2761,Player2,92904.01,20
2765,Player2,93012.07,20
2766,Player2,93033.61,80
2768,Player2,93093.67,20
2770,Player2,93156.34,40
2771,Player2,93176.35,40
2772,Player2,93194.02,20
2776,Player2,93254.17,40
2777,Player2,93282.37,40
2781,Player2,93358.36,20
2787,Player2,93493.15,80
2789,Player2,93546.73,20
2790,Player2,93588.25,20
2791,Player2,93596.68,60
2796,Player2,93715.36,20
2800,Player2,93819.34,20
2801,Player2,93832.80,20
2804,Player2,93926.35,20
2805,Player2,93955.69,40
2807,Player2,93998.68,40
2808,Player2,94024.03,80
2810,Player2,94060.09,80
2811,Player2,94085.68,20
2813,Player2,94167.13,20
2816,Player2,94222.09,40
2818,Player2,94277.05,60
2820,Player2,94322.41,20
2824,Player2,94419.66,20
2825,Player2,94459.69,20
2830,Player2,94572.01,20
2833,Player2,94635.01,20
2834,Player2,94688.34,40
2835,Player2,94704.66,40
2841,Player2,94825.03,40
2842,Player2,94865.02,20
2845,Player2,94945.03,20
2846,Player2,94985.11,20
2859,Player2,95259.13,60
2862,Player2,95347.03,40
2863,Player2,95365.69,20
2870,Player2,95522.02,20
2871,Player2,95563.36,40
2873,Player2,95617.36,20
2878,Player2,95791.03,40
2879,Player2,95807.02,60
2881,Player2,95858.34,20
2885,Player2,95979.73,20
2887,Player2,96038.02,60
2889,Player2,96062.14,20
2890,Player2,96083.44,20
2892,Player2,96148.69,40
2893,Player2,96156.66,80
2895,Player2,96199.41,40
2897,Player2,96256.77,20
2898,Player2,96263.44,80
2899,Player2,96278.08,60
2900,Player2,96296.68,80
2901,Player2,96311.44,60
2902,Player2,96324.70,60
2904,Player2,96363.34,80
2906,Player2,96400.72,20
2909,Player2,96476.68,40
2910,Player2,96490.02,100
2911,Player2,96507.34,60
2912,Player2,96536.73,40
2913,Player2,96551.34,60
2916,Player2,96627.34,20
2917,Player2,96644.68,60
2919,Player2,96682.02,20
2921,Player2,96728.80,20
2924,Player2,96790.18,20
2925,Player2,96827.38,20
2927,Player2,96862.30,60
2930,Player2,96953.32,20
2932,Player2,96993.40,20
2935,Player2,97094.73,80
2936,Player2,97126.69,40
2940,Player2,97259.20,40
2942,Player2,97289.68,60
2945,Player2,97360.41,60
2946,Player2,97400.34,20
2947,Player2,97433.68,60
2948,Player2,97448.34,40
2949,Player2,97465.72,60
2950,Player2,97503.09,60
2952,Player2,97572.52,20
2953,Player2,97615.02,20
2954,Player2,97669.69,20
2963,Player2,97944.34,20
2964,Player2,97971.04,40
2969,Player2,98103.40,40
2971,Player2,98140.69,40
2972,Player2,98167.41,80
2973,Player2,98189.02,20
2974,Player2,98231.68,20
2976,Player2,98278.36,20
2978,Player2,98342.34,40
2980,Player2,98382.34,20
2981,Player2,98395.77,40
2982,Player2,98411.73,20
2984,Player2,98447.68,60
2986,Player2,98498.34,40
2987,Player2,98525.20,20
2988,Player2,98555.73,40
2989,Player2,98585.02,60
2991,Player2,98674.69,40
2992,Player2,98696.02,60
2994,Player2,98777.44,60
2996,Player2,98836.02,20
3000,Player2,98920.05,40
3001,Player2,98957.44,40
3003,Player2,99006.82,20
3004,Player2,99026.80,80
3007,Player2,99102.76,20
3012,Player2,99226.69,20
3015,Player2,99304.02,60
3017,Player2,99368.34,20
3024,Player2,99506.08,20
3025,Player2,99561.01,20
3026,Player2,99590.34,40
3028,Player2,99638.34,40
3030,Player2,99692.08,40
3031,Player2,99743.02,60
3032,Player2,99768.82,20
3033,Player2,99816.70,60
3034,Player2,99847.41,80
3035,Player2,99864.70,40
3036,Player2,99884.68,60
3037,Player2,99903.34,100
3040,Player2,99986.38,40
3041,Player2,100006.40,20
3044,Player2,100094.30,20
3046,Player2,100141.40,40
3049,Player2,100208.10,100
3051,Player2,100248.00,60
3053,Player2,100329.90,20
3054,Player2,100347.00,80
3060,Player2,100491.70,60
3063,Player2,100573.00,20
3066,Player2,100636.10,20
3067,Player2,100660.00,40
3071,Player2,100722.80,20
3072,Player2,100741.80,20
3076,Player2,100812.30,40
3086,Player2,101110.00,60
3088,Player2,101152.00,20
3089,Player2,101174.70,20
3095,Player2,101300.00,60
3097,Player2,101332.20,80
3098,Player2,101361.40,60
3099,Player2,101409.30,20
3110,Player2,101668.40,40
3111,Player2,101681.80,20
3113,Player2,101757.70,40
3116,Player2,101853.70,60
3117,Player2,101869.70,60
3119,Player2,101937.70,60
3120,Player2,101976.30,20
3121,Player2,102015.00,20
3126,Player2,102145.00,20
3127,Player2,102174.40,80
3129,Player2,102241.40,20
3132,Player2,102300.00,60
3135,Player2,102364.40,20
3142,Player2,102533.90,60
3143,Player2,102548.40,60
3144,Player2,102573.80,40
3145,Player2,102600.60,40
3146,Player2,102631.50,20
3147,Player2,102647.40,40
3149,Player2,102691.40,20
3151,Player2,102738.00,40
3152,Player2,102768.70,40
3153,Player2,102783.30,80
3154,Player2,102800.10,40
3160,Player2,102954.70,40
3161,Player2,102986.70,20
3165,Player2,103122.40,20
3166,Player2,103155.80,60
3167,Player2,103177.00,20
3168,Player2,103205.00,20
3171,Player2,103309.00,20
3172,Player2,103327.70,60
3173,Player2,103348.10,20
3176,Player2,103408.40,40
3178,Player2,103469.70,20
3179,Player2,103485.70,60
3182,Player2,103537.70,100
3183,Player2,103553.90,80
3184,Player2,103579.00,20
3185,Player2,103604.50,20
3186,Player2,103624.50,40
3187,Player2,103665.70,40
3188,Player2,103692.40,40
3193,Player2,103832.70,40
3194,Player2,103840.70,40
3196,Player2,103864.70,40
3204,Player2,104065.00,20
3205,Player2,104106.30,40
3209,Player2,104211.70,20
3211,Player2,104249.00,20
3213,Player2,104306.30,20
3216,Player2,104394.40,20
3220,Player2,104495.70,40
3235,Player2,104829.00,20
3236,Player2,104866.40,20
3237,Player2,104877.00,40
3238,Player2,104894.30,60
3242,Player2,104970.70,20
3244,Player2,105048.00,20
3245,Player2,105084.00,40
3246,Player2,105110.70,40
3247,Player2,105126.70,20
3248,Player2,105146.70,100
3249,Player2,105175.00,20
3255,Player2,105311.90,60
3256,Player2,105341.40,60
3257,Player2,105365.30,40
3259,Player2,105397.40,20
3260,Player2,105429.30,20
3262,Player2,105464.00,60
3263,Player2,105508.10,20
3265,Player2,105567.00,20
3269,Player2,105655.70,60
3270,Player2,105677.30,40
3271,Player2,105697.40,80
3273,Player2,105759.00,40
3274,Player2,105801.80,40
3277,Player2,105851.10,60
3280,Player2,105946.40,20
3281,Player2,105976.00,20
3284,Draw,60.00,20
3285,Player2,106076.70,40
3286,Player2,106084.70,40
3287,Player2,106091.30,60
3288,Player2,106115.40,80
3292,Player2,106211.30,80
3293,Player2,106243.40,40
3294,Player2,106276.80,20
3297,Player2,106359.30,40
3299,Player2,106391.30,40
3300,Player2,106447.70,20
3302,Player2,106483.70,60
3306,Player2,106564.40,40
3309,Player2,106619.10,60
3311,Player2,106648.50,20
3313,Player2,106675.00,40
3315,Player2,106719.00,20
3316,Player2,106740.30,60
3317,Player2,106751.10,60
3318,Player2,106792.40,20
3320,Player2,106833.70,20
3322,Player2,106888.40,20
3323,Player2,106903.00,40
3324,Player2,106932.30,20
3326,Player2,106975.00,40
3327,Player2,106992.30,20
3328,Player2,107029.70,20
3329,Player2,107051.00,40
3332,Player2,107111.30,60
3334,Player2,107163.40,80
3335,Player2,107182.00,40
3336,Player2,107199.30,20
3337,Player2,107216.70,40
3338,Player2,107230.10,20
3339,Player2,107248.80,80
3341,Player2,107303.70,60
3344,Player2,107373.40,20
3345,Player2,107416.10,40
3349,Player2,107528.30,20
3351,Player2,107557.70,40
3353,Player2,107593.70,60
3355,Player2,107648.70,20
3357,Player2,107700.80,60
3358,Player2,107724.70,20
3361,Player2,107787.70,60
3364,Player2,107845.00,60
3365,Player2,107861.10,20
3371,Player2,107973.00,40
3374,Player2,108064.40,80
3375,Player2,108083.00,20
3376,Player2,108112.70,20
3377,Player2,108127.40,60
3378,Player2,108143.40,80
3379,Player2,108163.70,40
3380,Player2,108182.50,20
3382,Player2,108242.30,60
3385,Player2,108327.70,40
3386,Player2,108354.30,20
3389,Player2,108425.00,20
3390,Player2,108438.30,20
3401,Player1,60.00,40
3402,Player2,108688.40,60
3403,Player2,108699.00,20
3404,Player2,108731.00,20
3409,Player2,108821.20,40
3412,Player2,108853.10,40
3413,Player2,108873.00,40
3418,Player2,109004.20,40
3419,Player2,109017.70,40
3423,Player2,109128.10,20
3424,Player2,109149.40,40
3425,Player2,109160.00,60
3433,Player2,109348.20,60
3434,Player2,109380.00,80
3435,Player2,109397.50,20
3436,Player2,109429.40,40
3438,Player2,109465.40,80
3439,Player2,109476.00,40
3440,Player2,109512.00,40
3445,Player2,109636.00,20
3446,Player2,109665.40,80
3447,Player2,109704.10,20
3450,Player2,109750.90,60
3452,Player2,109789.40,20
3455,Player2,109836.80,40
3456,Player2,109862.50,40
3457,Player2,109894.40,60
3460,Player2,109942.40,40
3461,Player2,109951.70,60
3462,Player2,109966.40,40
3472,Player2,110184.20,20
3476,Player2,110284.00,60
3479,Player2,110356.00,20
3481,Player2,110436.00,20
3482,Player2,110460.00,20
3484,Player2,110517.40,20
3485,Player2,110534.70,20
3491,Player2,110678.70,20
3492,Player2,110689.40,40
3493,Player2,110719.10,60
3495,Player2,110824.40,20
3502,Player2,110987.00,20
3503,Player2,111012.30,40
3504,Player2,111048.30,60
3507,Player2,111117.70,20
3509,Player2,111136.40,60
3511,Player2,111197.70,60
3513,Player2,111248.50,20
3520,Player2,111373.80,40
3524,Player2,111443.40,40
3525,Player2,111460.70,60
3526,Player2,111468.80,40
3529,Player2,111530.00,40
3531,Player2,111586.00,60
3533,Player2,111638.00,20
3539,Player2,111790.00,20
3542,Player2,111883.40,40
3546,Player2,111968.80,40
3550,Player2,112044.00,40
3551,Player2,112093.40,20
3552,Player2,112117.40,60
3557,Player2,112178.70,40
3558,Player2,112204.00,40
3560,Player2,112234.70,20
3565,Player2,112366.70,20
3567,Player2,112393.40,20
3568,Player2,112414.70,40
3569,Player2,112434.70,60
3570,Player2,112449.30,60
3573,Player2,112533.70,20
3574,Player2,112551.10,40
3575,Player2,112557.70,60
3577,Player2,112588.40,20
3585,Player2,112755.70,40
3591,Player2,112910.70,20
3593,Player2,112940.00,40
3596,Player2,113032.10,80
3598,Player2,113086.80,60
3599,Player2,113093.30,60
3600,Player2,113118.70,40
3602,Player2,113157.80,40
3606,Player2,113248.70,20
3607,Player2,113255.30,80
3611,Player2,113360.70,60
3612,Player2,113378.00,60
3613,Player2,113392.70,80
3616,Player2,113463.80,20
3619,Player2,113507.70,40
3620,Player2,113531.80,60
3624,Player2,113635.70,20
3627,Player2,113678.40,20
3633,Player2,113807.70,60
3634,Player2,113823.70,40
3639,Player2,113934.40,40
3641,Player2,113963.80,20
3645,Player2,114020.00,40
3652,Player2,114192.40,40
3654,Player2,114233.70,40
3655,Player2,114265.70,60
3657,Player2,114335.30,60
3659,Player2,114370.00,60
3660,Player2,114387.40,40
3663,Player2,114419.30,60
3665,Player2,114443.40,60
3666,Player2,114483.40,40
3667,Player2,114520.70,60
3670,Player2,114587.70,20
3671,Player2,114602.30,40
3672,Player2,114615.70,40
3680,Player2,114765.40,60
3683,Player2,114814.70,40
3684,Player2,114830.70,20
3687,Player2,114924.40,20
3688,Player2,114951.00,40
3692,Player2,115073.30,20
3696,Player2,115137.70,40
3698,Player2,115184.40,40
3701,Player2,115249.70,20
3702,Player2,115279.10,40
3703,Player2,115304.30,60
3704,Player2,115325.80,40
3705,Player2,115352.30,80
3706,Player2,115363.00,40
3707,Player2,115391.00,40
3712,Player2,115487.00,80
3716,Player2,115537.70,60
3719,Player2,115584.70,40
3720,Player2,115602.10,20
3721,Player2,115619.30,40
3722,Player2,115630.10,40
3723,Player2,115650.30,20
3730,Player2,115817.00,40
3733,Player2,115862.30,40
3740,Player2,115960.10,20
3742,Player2,115990.70,20
3743,Player2,116005.40,20
3744,Player2,116042.70,40
3746,Player2,116074.70,60
3747,Player2,116101.40,40
3750,Player2,116162.70,20
3752,Player2,116177.30,60
3759,Player2,116325.70,20
3760,Player2,116377.80,40
3766,Player2,116484.40,20
3767,Player2,116504.40,40
3768,Player2,116525.70,20
3771,Player2,116568.40,40
3775,Player2,116649.70,60
3777,Player2,116687.00,80
3778,Player2,116716.40,20
3779,Player2,116740.40,60
3781,Player2,116777.70,20
3782,Player2,116807.00,20
3784,Player2,116861.70,20
3792,Player2,117016.40,20
3797,Player2,117104.40,20
3802,Player2,117208.40,60
3809,Player2,117417.10,60
3810,Player2,117450.40,60
3812,Player2,117501.00,40
3818,Player2,117638.70,40
3819,Player2,117648.00,40
3824,Player2,117697.40,40
3825,Player2,117713.30,60
3827,Player2,117770.70,40
3828,Player2,117804.40,40
3829,Player2,117819.10,40
3831,Player2,117860.90,20
3832,Player2,117890.30,20
3834,Player2,117910.40,20
3836,Player2,117944.00,40
3839,Player2,118018.70,40
3840,Player2,118038.80,100
3841,Player2,118082.70,20
3844,Player2,118156.00,40
3852,Player2,118376.10,20
3854,Player2,118412.00,20
3859,Player2,118517.30,20
3861,Player2,118588.00,40
3862,Player2,118627.00,40
3863,Player2,118648.40,80
3864,Player2,118675.00,40
3866,Player2,118707.10,40
3867,Player2,118756.40,40
3868,Player2,118793.70,20
3869,Player2,118812.40,60
3870,Player2,118851.00,20
3876,Player2,119006.30,100
3877,Player2,119022.40,20
3879,Player2,119069.00,40
3882,Player2,119171.70,20
3883,Player2,119187.80,40
3886,Player2,119227.70,20
3887,Player2,119235.70,60
3889,Player2,119296.00,40
3893,Player2,119401.70,40
3894,Player2,119431.00,60
3898,Player2,119491.00,40
3902,Player2,119624.30,80
3904,Player2,119644.40,40
3909,Player2,119738.00,40
3910,Player2,119768.70,40
3916,Player2,119906.70,20
3919,Player2,119952.10,40
3923,Player2,120029.40,60
3924,Player2,120034.70,40
3925,Player2,120050.70,80
3926,Player2,120073.40,20
3927,Player2,120124.10,20
3928,Player2,120153.40,20
3932,Player2,120254.70,80
3935,Player2,120346.70,20
3938,Player2,120397.70,80
3939,Player2,120413.80,20
3942,Player2,120465.70,40
3943,Player2,120483.00,40
3944,Player2,120504.60,40
3945,Player2,120515.30,40
3947,Player2,120576.80,20
3948,Player2,120594.00,80
3949,Player2,120619.40,20
3950,Player2,120636.70,20
3952,Player2,120705.00,40
3953,Player2,120714.40,20
3958,Player2,120842.70,20
3959,Player2,120862.70,40
3960,Player2,120909.40,60
3961,Player2,120920.10,40
3964,Player2,120993.70,60
3965,Player2,121013.70,20
3966,Player2,121029.80,40
3968,Player2,121045.70,20
3969,Player2,121069.70,40
3971,Player2,121112.70,40
3974,Player2,121163.30,20
3975,Player2,121171.40,20
3976,Player2,121207.40,60
3977,Player2,121228.70,20
3984,Player2,121391.50,40
3986,Player2,121434.40,80
3988,Player2,121477.00,60
3990,Player2,121521.40,60
3991,Player2,121553.30,80
3993,Player2,121600.00,20
3994,Player2,121608.00,40
3999,Draw,60.00,40
4009,Player2,122075.70,40
4010,Player2,122104.00,20
4012,Player2,122152.00,40
4013,Player2,122174.70,40
4014,Player2,122201.40,20
4017,Player2,122252.00,60
4018,Player2,122261.30,20
4019,Player2,122293.40,20
4020,Player2,122313.40,40
4021,Player2,122318.70,80
4026,Player2,122472.40,20
4027,Player2,122501.70,60
4028,Player2,122527.00,80
4030,Player2,122580.40,40
4031,Player2,122619.40,20
4037,Player2,122740.10,20
4038,Player2,122764.40,40
4044,Player2,122891.00,20
4045,Player2,122908.40,60
4046,Player2,122925.80,20
4048,Player2,122964.40,20
4051,Player2,123016.40,80
4054,Player2,123057.80,20
4056,Player2,123083.10,40
4057,Player2,123089.70,80
4059,Player2,123140.30,40
4061,Player2,123191.30,20
4064,Player2,123272.70,60
4069,Player2,123395.70,20
4071,Player2,123459.70,60
4074,Player2,123511.70,20
4080,Player2,123650.70,80
4081,Player2,123680.00,20
4083,Player2,123724.40,40
4086,Player2,123804.40,20
4092,Player2,123963.00,40
4093,Player2,123984.40,60
4095,Player2,124020.40,80
4103,Player2,124156.40,40
4104,Player2,124177.70,20
4105,Player2,124196.40,40
4107,Player2,124245.80,40
4108,Player2,124275.00,60
4112,Player2,124347.00,20
4115,Player2,124429.00,40
4117,Player2,124482.50,40
4118,Player2,124519.70,20
4119,Player2,124556.20,40
4126,Player2,124707.40,20
4130,Player2,124836.80,20
4131,Player2,124859.30,20
4132,Player2,124886.00,20
4134,Player2,124918.00,40
4138,Player2,125024.70,40
4139,Player2,125075.70,80
4142,Draw,60.00,20
4146,Player2,125250.70,20
4147,Player2,125260.00,60
4150,Player2,125343.10,20
4151,Player2,125359.00,60
4153,Player2,125383.00,20
4154,Player2,125429.70,40
4157,Player2,125497.70,80
4159,Player2,125551.00,40
4160,Player2,125582.00,60
4162,Player2,125648.70,40
4163,Player2,125662.00,20
4164,Player2,125675.40,80
4165,Player2,125691.40,60
4166,Player2,125706.10,60
4167,Player2,125722.00,60
4169,Player2,125761.00,20
4171,Player2,125849.00,60
4172,Player2,125907.80,20
4173,Player2,125938.40,20
4174,Player2,125966.50,40
4182,Player2,126130.70,20
4184,Player2,126201.70,40
4189,Player2,126343.40,20
4197,Player2,126516.00,80
4199,Player2,126556.00,40
4200,Player2,126586.80,40
4201,Player2,126612.00,40
4202,Player2,126618.80,60
4204,Player2,126688.00,20
4210,Player2,126832.00,20
4213,Player2,126896.30,60
4214,Player2,126927.00,60
4215,Player2,126948.40,20
4216,Player2,126989.90,20
4217,Player2,127007.10,60
4218,Player2,127035.00,40
4219,Player2,127072.40,20
4222,Player2,127147.00,40
4223,Player2,127163.00,20
4227,Player2,127225.80,40
4228,Player2,127242.00,80
4230,Player2,127296.90,20
4233,Player2,127378.00,60
4234,Player2,127420.80,60
4235,Player2,127447.40,20
4236,Player2,127467.40,40
4239,Player2,127583.70,20
4241,Player2,127646.30,40
4242,Player2,127671.80,60
4243,Player2,127699.70,40
4249,Player2,127822.40,40
4250,Player2,127847.90,40
4251,Player2,127863.80,40
4253,Player2,127933.40,40
4254,Player2,127961.40,40
4259,Player2,128053.40,40
4261,Player2,128082.80,80
4262,Player2,128109.40,20
4266,Player2,128201.40,20
4268,Player2,128256.10,40
4271,Player2,128323.00,60
4274,Player2,128376.40,40
4275,Player2,128416.40,60
4276,Player2,128458.00,60
4277,Player2,128468.70,20
4279,Player2,128531.30,20
4280,Player2,128559.40,60
4288,Player2,128732.70,60
4291,Player2,128845.10,60
4295,Player2,128981.00,40
4299,Player2,129089.00,20
4310,Player2,129421.00,40
4315,Player2,129531.70,60
4320,Player2,129646.70,20
4321,Player2,129680.00,20
4323,Player2,129732.10,40
4326,Player2,129781.40,80
4329,Player2,129877.40,40
4330,Player2,129904.10,20
4331,Player2,129934.70,20
4332,Player2,129975.00,20
4336,Player2,130070.00,20
4338,Player2,130110.00,20
4339,Player2,130140.80,40
4342,Player2,130219.40,40
4343,Player2,130255.70,20
4345,Player2,130302.50,40
4346,Player2,130310.50,60
4355,Player2,130576.00,60
4360,Player2,130700.00,20
4363,Player2,130744.00,20
4364,Player2,130760.00,40
4366,Player2,130796.00,20
4368,Player2,130845.40,40
4369,Player2,130870.70,20
4370,Player2,130909.40,20
4371,Player2,130929.40,80
4372,Player2,130945.40,20
4375,Player2,131010.70,20
4377,Player2,131045.30,40
4379,Player2,131088.00,40
4380,Player2,131106.80,40
4383,Player2,131189.40,40
4385,Player2,131222.70,60
4386,Player2,131249.30,60
4390,Player2,131328.40,60
4394,Player2,131456.70,20
4395,Player2,131487.40,20
4398,Player2,131528.70,20
4402,Player2,131661.00,40
4403,Player2,131682.40,40
4404,Player2,131699.70,20
4407,Player2,131750.30,20
4410,Player2,131848.10,40
4414,Player2,131954.80,20
4417,Player2,132052.80,60
4437,Player2,132550.30,60
4438,Player2,132581.00,60
4440,Player2,132620.00,40
4441,Player2,132628.30,60
4442,Player2,132646.70,40
4447,Player2,132748.00,20
4448,Player2,132774.70,20
4452,Player2,132856.00,40
4453,Player2,132894.70,40
4454,Player2,132936.00,20
4462,Player2,133075.00,40
4466,Player2,133183.00,40
4467,Player2,133212.70,80
4469,Player2,133294.00,20
4470,Player2,133338.40,20
4471,Player2,133390.30,20
4472,Player2,133411.70,20
4477,Player2,133506.40,20
4484,Player2,133728.10,20
4485,Player2,133755.10,20
4486,Player2,133803.00,20
4488,Player2,133845.70,20
4489,Player2,133864.30,40
4490,Player2,133912.40,20
4493,Player2,133991.30,40
4494,Player2,134010.10,60
4499,Player2,134168.80,20
4500,Player2,134202.00,20
4501,Player2,134212.80,20
4502,Player2,134244.70,20
4503,Player2,134262.00,40
4505,Player2,134324.70,60
4507,Player2,134386.00,20
4508,Player2,134423.30,60
4511,Player2,134486.00,20
4512,Player2,134507.30,60
4513,Player2,134531.40,40
4515,Player2,134556.70,60
4517,Player2,134618.00,60
4518,Player2,134644.70,40
4525,Player2,134800.70,20
4527,Player2,134840.70,20
4528,Player2,134859.40,40
4532,Player2,134915.30,40
4533,Player2,134931.40,40
4534,Player2,134979.40,20
4535,Player2,134995.30,20
4537,Player2,135031.30,40
4538,Player2,135082.00,60
4540,Player2,135135.40,20
4542,Player2,135197.00,40
4543,Player2,135211.80,20
4544,Player2,135249.10,20
4548,Player2,135320.30,20
4551,Player2,135392.40,40
4553,Player2,135453.80,20
4554,Player2,135477.70,40
4555,Player2,135513.70,60
4556,Player2,135532.30,40
4562,Player2,135658.00,40
4564,Player2,135710.00,20
4575,Player2,135971.70,20
4577,Player2,136049.30,60
4578,Player2,136097.40,20
4579,Player2,136145.30,20
4581,Player2,136205.30,40
4582,Player2,136241.30,40
4583,Player2,136284.10,20
4587,Player2,136366.70,80
4589,Player2,136434.70,20
4593,Player2,136498.70,20
4595,Player2,136540.00,40
4597,Player2,136593.70,60
4601,Player2,136679.00,20
4602,Player2,136704.40,20
4604,Player2,136760.30,20
4606,Player2,136820.30,80
4607,Player2,136836.40,60
4608,Player2,136872.40,20
4609,Player2,136887.00,80
4610,Player2,136915.00,40
4613,Player2,136987.10,60
4616,Player2,137087.10,60
4617,Player2,137104.40,40
4619,Player2,137144.70,40
4625,Player2,137327.30,60
4626,Player2,137334.00,40
4631,Player2,137509.10,60
4635,Player2,137606.70,80
4637,Player2,137634.70,20
4639,Player2,137696.00,60
4642,Player2,137749.30,40
4644,Player2,137798.70,40
4647,Player2,137866.90,20
4651,Player2,137996.10,20
4652,Player2,138013.30,20
4656,Player2,138108.40,20
4657,Player2,138125.70,40
4662,Player2,138240.40,60
4663,Player2,138261.70,20
4664,Player2,138301.70,60
4669,Player2,138411.00,20
4670,Player2,138439.10,60
4671,Player2,138465.70,20
4672,Player2,138484.40,40
4673,Player2,138501.70,40
4675,Player2,138523.10,40
4677,Player2,138562.10,20
4680,Player2,138623.30,40
4684,Player2,138714.00,20
4687,Player2,138803.50,40
4690,Player2,138867.40,80
4691,Player2,138891.40,60
4693,Player2,138947.30,40
4698,Player2,139067.50,20
4699,Player2,139094.00,40
4703,Player2,139182.10,20
4707,Player2,139305.10,20
4708,Player2,139319.70,40
4709,Player2,139330.30,40
4710,Player2,139341.00,40
4716,Player2,139453.00,60
4719,Player2,139515.70,20
4725,Player2,139659.70,40
4731,Player2,139818.50,80
4735,Player2,139879.70,40
4737,Player2,139923.70,80
4738,Player2,139947.70,20
4740,Player2,139995.70,20
4749,Player2,140209.40,20
4750,Player2,140226.70,40
4751,Player2,140274.70,60
4756,Draw,60.00,40
4762,Player2,140568.70,60
4766,Player2,140632.70,80
4771,Player2,140754.20,60
4773,Player2,140811.40,20
4775,Player2,140871.40,20
4777,Player2,140904.70,20
4778,Player2,140931.40,20
4781,Player2,141023.50,20
4782,Player2,141048.70,40
4784,Player2,141072.70,60
4789,Player2,141175.50,20
4790,Player2,141196.70,60
4792,Player2,141223.30,60
4793,Player2,141236.80,100
4795,Player2,141291.50,40
4796,Player2,141319.30,20
4797,Player2,141348.70,60
4801,Player2,141424.80,20
4802,Player2,141476.70,20
4803,Player2,141490.00,40
4806,Player2,141544.70,20
4811,Player2,141663.40,20
4813,Player2,141726.10,60
4817,Player2,141878.00,40
4818,Player2,141899.40,40
4820,Player2,141941.00,20
4821,Player2,141958.30,60
4823,Player2,142038.40,20
4824,Player2,142065.00,20
4828,Player2,142141.00,20
4829,Player2,142173.00,20
4830,Player2,142206.50,20
4832,Player2,142285.00,20
4834,Player2,142334.30,60
4836,Player2,142374.40,20
4837,Player2,142387.70,80
4843,Player2,142494.40,100
4848,Player2,142597.10,40
4849,Player2,142617.00,60
4850,Player2,142650.40,20
4851,Player2,142671.70,40
4854,Player2,142709.00,40
4855,Player2,142745.00,60
4863,Player2,142934.80,20
4864,Player2,142948.00,20
4868,Player2,143064.40,20
4872,Player2,143136.40,60
4873,Player2,143156.30,80
4877,Player2,143251.00,20
4878,Player2,143275.00,40
4879,Player2,143293.70,20
4883,Player2,143399.00,20
4884,Player2,143415.00,20
4886,Player2,143449.70,60
4900,Player2,143788.40,20
4904,Player2,143897.70,40
4905,Player2,143916.40,40
4910,Player2,143995.00,20
4911,Player2,144012.40,20
4913,Player2,144046.30,60
4914,Player2,144066.50,20
4915,Player2,144082.30,60
4916,Player2,144101.40,60
4917,Player2,144130.70,20
4920,Player2,144228.50,20
4926,Player2,144343.10,40
4927,Player2,144367.00,60
4931,Player2,144432.80,20
4932,Player2,144452.70,60
4934,Player2,144499.30,40
4935,Player2,144521.10,100
4941,Player2,144723.80,20
4942,Player2,144743.70,40
4946,Player2,144831.80,20
4947,Player2,144846.40,20
4951,Player2,144906.40,40
4954,Player2,145010.40,40
4955,Player2,145027.70,40
4956,Player2,145044.00,40
4958,Player2,145094.70,40
4960,Player2,145118.70,20
4963,Player2,145180.10,40
4964,Player2,145220.00,20
4970,Player2,145384.00,20
4971,Player2,145414.70,60
4979,Player2,145580.50,20
4980,Player2,145607.10,40
4984,Player2,145709.70,20
4995,Player2,145948.70,40
4999,Player2,146034.40,20
5001,Player2,146093.10,40
5004,Player2,146178.40,20
5008,Player2,146279.70,60
5011,Player2,146367.70,20
5012,Player2,146394.40,40
5013,Player2,146414.30,20
5014,Player2,146450.40,40
5015,Player2,146479.70,20
5016,Player2,146497.00,20
5017,Player2,146517.10,20
5021,Player2,146606.30,60
5025,Player2,146707.80,60
5026,Player2,146723.70,60
5027,Player2,146756.10,60
5028,Player2,146802.70,20
5031,Player2,146868.10,20
5033,Player2,146897.30,40
5036,Player2,146968.00,40
5038,Player2,147014.70,60
5039,Player2,147038.70,80
5040,Player2,147054.70,40
5041,Player2,147085.50,20
5044,Player2,147158.70,60
5048,Player2,147298.70,40
5049,Player2,147324.00,40
5052,Player2,147402.70,20
5057,Player2,147545.70,60
5060,Player2,147597.70,80
5064,Player2,147692.40,60
5065,Player2,147712.30,60
5066,Player2,147732.40,60
5067,Player2,147745.70,20
5073,Player2,147873.70,40
5077,Player2,147975.00,60
5080,Player2,148044.40,20
5081,Player2,148060.30,20
5082,Player2,148097.70,20
5083,Player2,148125.80,60
5087,Player2,148209.70,40
5088,Player2,148216.30,40
5091,Player2,148291.10,20
5095,Player2,148367.00,60
5096,Player2,148381.70,80
5097,Player2,148418.00,20
5098,Player2,148438.00,20
5099,Player2,148458.00,20
5100,Player2,148476.80,20
5101,Player2,148506.10,20
5102,Player2,148516.70,80
5104,Player2,148575.40,20
5110,Player2,148722.00,80
5114,Player2,148803.40,60
5115,Player2,148835.40,20
5117,Player2,148878.00,40
5118,Player2,148914.20,40
5124,Player2,149011.40,20
5125,Player2,149033.00,40
5130,Player2,149138.40,40
5133,Player2,149193.10,60
5137,Player2,149313.40,20
5138,Player2,149340.00,60
5142,Player2,149460.40,20
5147,Player2,149560.30,40
5150,Player2,149637.70,40
5151,Player2,149657.70,40
5155,Player2,149748.40,60
5156,Player2,149772.40,20
5160,Player2,149871.10,40
5161,Player2,149897.70,40
5163,Player2,149937.70,80
5164,Player2,149957.70,60
5166,Player2,150006.10,40
5169,Player2,150072.80,80
5173,Player2,150143.30,40
5176,Player2,150202.00,40
5177,Player2,150235.30,40
5181,Player2,150321.10,40
5182,Player2,150335.70,20
5183,Player2,150357.00,20
5184,Player2,150383.70,40
5189,Player2,150473.30,60
5190,Player2,150493.30,20
5192,Player2,150544.00,20
5194,Player2,150577.50,100
5195,Player2,150597.40,60
5198,Player2,150660.00,40
5199,Player2,150676.00,40
5200,Player2,150692.00,40
5201,Player2,150716.00,20
5203,Player2,150758.70,40
5206,Player2,150820.00,100
5207,Player2,150844.00,40
5210,Player2,150940.00,40
5211,Player2,150949.40,60
5212,Player2,150962.70,40
5216,Player2,151054.70,80
5217,Player2,151076.00,60
5219,Player2,151140.00,20
5220,Player2,151161.40,40
5221,Player2,151180.00,40
5222,Player2,151212.00,60
5223,Player2,151238.70,20
5227,Player2,151333.30,60
5232,Player2,151485.40,40
5233,Player2,151505.40,40
5236,Player2,151573.30,20
5237,Player2,151612.20,40
5240,Player2,151654.70,40
5241,Player2,151681.30,60
5244,Player2,151762.80,20
5245,Player2,151788.00,40
5246,Player2,151813.30,60
5248,Player2,151885.30,20
5252,Player2,151972.40,40
5256,Player2,152056.50,40
5258,Player2,152091.40,80
5263,Player2,152211.70,60
5265,Player2,152266.40,80
5269,Player2,152378.30,20
5275,Player2,152486.30,60
5276,Player2,152506.50,20
5285,Player2,152682.40,40
5287,Player2,152753.00,20
5291,Player2,152813.00,20
5293,Player2,152874.40,20
5298,Player2,152996.00,60
5299,Player2,153017.40,20
5301,Player2,153054.80,60
5302,Player2,153081.40,40
5305,Player2,153172.00,20
5306,Player2,153210.70,20
5308,Player2,153268.00,60
5309,Player2,153288.10,40
5312,Player2,153361.70,60
5313,Player2,153381.80,40
5314,Player2,153396.70,40
5315,Player2,153424.70,40
5316,Player2,153442.00,40
5317,Player2,153467.40,60
5319,Player2,153496.70,20
5325,Player2,153622.00,20
5327,Player2,153678.00,20
5328,Player2,153684.80,40
5330,Player2,153716.80,60
5331,Player2,153747.40,20
5332,Player2,153756.70,40
5333,Player2,153790.00,20
5335,Player2,153852.70,20
5340,Player2,153998.10,20
5343,Player2,154068.00,20
5344,Player2,154117.30,40
5349,Player2,154242.70,80
5350,Player2,154272.40,40
5351,Player2,154296.40,40
5353,Player2,154343.40,20
5354,Player2,154370.10,20
5355,Player2,154386.00,60
5357,Player2,154422.00,100
5359,Player2,154476.70,20
5360,Player2,154490.00,40
5361,Player2,154523.40,60
5362,Player2,154532.70,20
5363,Player2,154543.30,20
5365,Player2,154596.80,40
5366,Player2,154623.40,20
5367,Player2,154660.70,20
5368,Player2,154674.00,20
5370,Player2,154704.80,20
5371,Player2,154722.10,20
5374,Player2,154803.40,40
5382,Player2,155022.80,40
5383,Player2,155054.70,20
5389,Player2,155226.70,20
5390,Player2,155237.40,40
5391,Player2,155254.70,20
5392,Player2,155272.00,20
5393,Player2,155293.50,20
5394,Player2,155306.70,20
5395,Player2,155346.70,20
5398,Player2,155414.70,40
5399,Player2,155442.70,20
5400,Player2,155461.30,20
5403,Player2,155563.00,20
5406,Player2,155649.70,20
5408,Player2,155691.00,40
5409,Player2,155700.40,60
5411,Player2,155749.70,40
5412,Player2,155767.30,40
5413,Player2,155795.70,60
5414,Player2,155822.40,60
5419,Player2,155958.40,20
5420,Player2,156002.40,60
5421,Player2,156022.30,20
5423,Player2,156055.30,20
5426,Player2,156122.40,20
5427,Player2,156146.40,20
5428,Player2,156173.00,40
5429,Player2,156199.70,20
5430,Player2,156224.40,40
5437,Player2,156367.10,20
5439,Player2,156404.40,80
5441,Player2,156448.70,20
5442,Player2,156482.00,20
5445,Player2,156574.00,40
5447,Player2,156607.30,20
5452,Player2,156698.00,40
5453,Player2,156723.40,40
5457,Player2,156804.70,20
5462,Player2,156886.00,20
5464,Player2,156940.70,60
5465,Player2,156958.00,60
5466,Player2,156984.80,20
5468,Player2,157023.50,40
5473,Player2,157135.30,40
5474,Player2,157151.40,40
5475,Player2,157171.40,20
5476,Player2,157215.40,80
5477,Player2,157254.00,40
5478,Player2,157303.40,20
5481,Player2,157372.70,40
5483,Player2,157431.40,20
5484,Player2,157450.40,40
5486,Player2,157490.40,60
5488,Player2,157557.00,40
5489,Player2,157581.00,80
5490,Player2,157590.40,60
5494,Player2,157706.40,20
5495,Player2,157726.30,40
5496,Player2,157737.00,80
5499,Player2,157821.00,80
5504,Player2,157956.40,60
5505,Player2,157981.70,20
5506,Player2,158017.90,20
5510,Player2,158104.70,40
5515,Player2,158220.70,20
5516,Player2,158234.00,20
5517,Player2,158240.80,20
5520,Player2,158302.00,40
5521,Player2,158319.40,60
5525,Player2,158414.00,20
5526,Player2,158424.70,40
5531,Player2,158538.00,20
5532,Player2,158555.40,20
5533,Player2,158574.00,40
5534,Player2,158606.00,20
5535,Player2,158623.40,40
5539,Player2,158687.40,80
5541,Player2,158738.00,40
5547,Player2,158851.30,20
5548,Player2,158878.30,20
5550,Player2,158950.30,20
5555,Player2,159071.80,60
5557,Player2,159115.70,20
5559,Player2,159161.00,20
5563,Player2,159242.40,40
5564,Player2,159265.00,60
5568,Player2,159317.40,80
5569,Player2,159337.30,60
5571,Player2,159387.00,20
5573,Player2,159433.70,20
5577,Player2,159511.30,60
5578,Player2,159526.10,20
5580,Player2,159556.70,60
5581,Player2,159564.70,100
5583,Player2,159608.80,20
5591,Player2,159784.70,40
5592,Player2,159803.40,60
5597,Player2,159881.00,20
5598,Player2,159895.70,20
5602,Player2,159985.00,20
5603,Player2,160001.10,80
5606,Player2,160047.70,20
5610,Player2,160105.00,20
5614,Player2,160233.00,20
5618,Player2,160298.40,40
5619,Player2,160319.80,20
5621,Player2,160355.70,80
5627,Player2,160474.80,20
5628,Player2,160493.40,40
5629,Player2,160520.00,20
5631,Player2,160586.70,20
5632,Player2,160605.40,40
5633,Player2,160620.00,60
5635,Player2,160665.40,20
5636,Player2,160678.70,60
5638,Player2,160733.40,20
5639,Player2,160756.00,20
5640,Player2,160764.00,20
5648,Player2,160980.00,40
5650,Player2,161030.70,40
5658,Player2,161160.70,60
5660,Player2,161199.40,40
5662,Player2,161271.70,40
5663,Player2,161295.70,60
5665,Player2,161331.70,20
5667,Player2,161362.30,60
5669,Player2,161405.40,20
5670,Player2,161433.40,20
5672,Player2,161500.00,20
5675,Player2,161554.70,80
5677,Player2,161609.50,40
5678,Player2,161656.00,20
5681,Player2,161721.40,40
5685,Player2,161789.70,40
5686,Player2,161803.00,20
5689,Player2,161876.40,20
5691,Player2,161925.70,20
5692,Player2,161961.70,20
5696,Player2,162028.40,20
5697,Player2,162052.40,20
5704,Player2,162248.40,40
5705,Player2,162279.00,60
5715,Player2,162601.70,20
5717,Player2,162659.00,40
5719,Player2,162713.80,20
5720,Player2,162732.30,20
5723,Player2,162813.70,40
5727,Player2,162876.40,20
5728,Player2,162889.70,20
5731,Player2,162950.00,20
5732,Player2,162970.00,80
5733,Player2,162996.70,20
5735,Player2,163051.30,40
5736,Player2,163067.40,60
5737,Player2,163090.00,20
5739,Player2,163139.40,20
5744,Player2,163268.70,20
5748,Player2,163379.40,20
5749,Player2,163403.40,20
5750,Player2,163428.70,80
5751,Player2,163467.40,20
5755,Player2,163530.00,80
5756,Player2,163539.30,80
5757,Player2,163558.00,40
5761,Player2,163660.70,40
5767,Player2,163739.40,20
5768,Player2,163750.00,60
5771,Player2,163835.40,20
5773,Player2,163888.70,40
5774,Player2,163903.30,60
5777,Player2,163992.70,20
5787,Player2,164206.10,40
5788,Player2,164236.70,40
5790,Player2,164310.00,40
5791,Player2,164347.30,20
5792,Player2,164384.70,20
5793,Player2,164406.00,60
5794,Player2,164438.00,60
5795,Player2,164464.70,20
5802,Player2,164626.30,20
5803,Player2,164645.00,40
5804,Player2,164655.70,40
5805,Player2,164663.70,40
5806,Player2,164674.70,80
5807,Player2,164710.70,20
5808,Player2,164730.70,20
5809,Player2,164745.30,80
5811,Player2,164773.30,20
5817,Player2,164922.70,80
5818,Player2,164948.00,20
5819,Player2,164968.00,60
5821,Player2,164994.70,40
5822,Player2,165016.00,20
5828,Player2,165119.00,20
5829,Player2,165137.70,80
5830,Player2,165156.30,20
5832,Player2,165188.40,60
5833,Player2,165231.00,20
5834,Player2,165260.70,60
5837,Player2,165314.10,60
5840,Player2,165372.70,40
5843,Player2,165458.40,60
5844,Player2,165479.70,20
5848,Player2,165539.80,60
5849,Player2,165559.70,20
5852,Player2,165601.00,20
5853,Player2,165631.70,60
5854,Player2,165651.80,20
5858,Player2,165724.10,40
5859,Player2,165754.70,20
5863,Player2,165844.10,60
5864,Player2,165862.70,40
5868,Player2,165968.40,40
5869,Player2,165981.70,40
5875,Player2,166092.70,20
5877,Player2,166123.30,60
5882,Player2,166232.70,20
5885,Player2,166291.30,20
5887,Player2,166334.40,40
5890,Player2,166402.30,60
5891,Player2,166431.70,20
5892,Player2,166461.00,40
5901,Player2,166684.00,60
5903,Draw,60.00,20
5904,Player2,166793.70,60
5905,Player2,166820.40,80
5907,Player2,166876.40,40
5910,Player2,166975.00,60
5911,Player2,166996.30,100
5915,Player2,167083.30,20
5920,Player2,167194.00,20
5921,Player2,167230.20,40
5922,Player2,167247.30,40
5924,Player2,167278.30,40
5926,Player2,167303.40,20
5931,Player2,167386.30,60
5932,Player2,167395.70,20
5936,Player2,167471.80,20
5938,Player2,167503.70,20
5939,Player2,167513.10,80
5940,Player2,167538.30,40
5941,Player2,167554.30,40
5942,Player2,167577.00,20
5945,Player2,167626.30,40
5946,Player2,167653.00,40
5947,Player2,167685.00,40
5949,Player2,167734.30,20
5950,Player2,167756.00,60
5957,Player2,167941.30,20
5958,Player2,167966.70,20
5959,Player2,167985.30,20
5960,Player2,167992.10,60
5961,Player2,168010.80,20
5965,Player2,168060.70,40
5966,Player2,168076.80,40
5977,Player2,168344.00,20
5980,Player2,168413.70,60
5987,Player2,168595.10,20
5990,Player2,168664.30,20
5993,Player2,168727.00,20
5995,Player2,168757.70,20
5998,Player2,168803.10,40
5999,Player2,168828.30,60
6000,Player2,168847.30,20
6001,Player2,168874.00,40
6005,Player2,168947.70,40
6007,Player2,168975.70,20
6010,Player2,169043.70,40
6012,Player2,169085.00,20
6013,Player2,169126.30,40
6015,Player2,169173.10,20
6016,Player2,169181.10,20
6017,Player2,169213.00,20
6020,Player2,169259.70,60
6021,Player2,169273.00,40
6027,Player2,169378.70,40
6032,Player2,169472.00,20
6034,Player2,169520.10,40
6039,Player2,169637.40,20
6040,Player2,169658.70,80
6042,Player2,169684.00,20
6044,Player2,169728.00,20
6045,Player2,169744.00,40
6047,Player2,169784.10,60
6051,Player2,169897.30,60
6053,Player2,169925.70,60
6054,Player2,169944.70,60
6056,Player2,169988.70,40
6057,Player2,169998.10,60
6060,Player2,170051.40,20
6061,Player2,170087.40,40
6062,Player2,170115.30,20
6067,Player2,170255.40,20
6070,Player2,170308.70,40
6075,Player2,170458.00,20
6076,Player2,170491.30,80
6078,Player2,170515.50,20
6082,Player2,170629.00,20
6085,Player2,170705.00,40
6087,Player2,170744.00,80
6088,Player2,170772.10,20
6089,Player2,170803.00,60
6092,Player2,170871.00,20
6095,Player2,170932.30,40
6099,Player2,171025.00,40
6102,Player2,171067.70,20
6104,Player2,171091.70,60
6105,Player2,171125.00,20
6106,Player2,171155.70,40
6107,Player2,171173.00,80
6108,Player2,171191.70,40
6109,Player2,171210.30,20
6111,Player2,171273.00,20
6114,Player2,171334.30,80
6115,Player2,171342.30,40
6119,Player2,171417.30,80
6121,Player2,171446.70,20
6123,Player2,171533.70,20
6126,Player2,171608.40,20
6127,Player2,171625.70,20
6131,Player2,171691.00,40
6132,Player2,171705.80,40
6138,Player2,171864.30,40
6143,Player2,171960.70,60
6144,Player2,171979.30,20
6146,Player2,172026.30,60
6150,Player2,172134.40,20
6151,Player2,172157.00,40
6154,Player2,172207.70,40
6157,Player2,172288.20,60
6158,Player2,172308.00,40
6159,Player2,172324.00,40
6162,Player2,172398.70,20
6165,Player2,172453.50,20
6172,Player2,172631.40,40
6173,Player2,172664.80,60
6174,Player2,172708.80,40
6175,Player2,172735.50,40
6178,Player2,172800.70,40
6181,Player2,172860.70,40
6188,Player2,173015.70,20
6189,Player2,173031.70,60
6190,Player2,173041.00,60
6191,Player2,173066.40,20
6192,Player2,173074.30,40
6195,Player2,173120.00,20
6200,Player2,173204.00,40
6201,Player2,173230.70,40
6203,Player2,173257.30,40
6205,Player2,173289.40,20
6207,Player2,173333.40,40
6211,Player2,173427.00,40
6212,Player2,173453.70,20
6215,Player2,173526.10,40
6217,Player2,173594.20,40
6218,Player2,173607.30,80
6220,Player2,173648.70,40
6221,Player2,173699.40,20
6222,Player2,173718.00,20
6229,Player2,173839.30,80
6230,Player2,173880.70,20
6231,Player2,173891.40,100
6233,Player2,173940.70,40
6235,Player2,173964.70,60
6239,Player2,174014.40,20
6241,Player2,174053.00,20
6243,Player2,174085.00,40
6245,Player2,174145.00,20
6254,Player2,174414.70,20
6260,Player2,174529.30,20
6261,Player2,174553.30,20
6262,Player2,174568.00,80
6263,Player2,174594.70,40
6266,Player2,174673.30,20
6269,Player2,174710.70,60
6270,Player2,174724.00,60
6274,Player2,174796.00,20
6278,Player2,174868.10,20
6279,Player2,174886.80,40
6282,Player2,174963.00,20
6287,Player2,175084.30,20
6288,Player2,175115.00,20
6290,Player2,175169.70,40
6292,Player2,175232.40,20
6293,Player2,175243.00,20
6297,Player2,175311.30,60
6301,Player2,175392.70,80
6302,Player2,175408.70,40
6306,Player2,175511.40,20
6307,Player2,175534.10,40
6308,Player2,175543.30,40
6309,Player2,175562.00,60
6311,Player2,175599.40,20
6313,Player2,175647.30,60
6317,Player2,175735.30,20
6321,Player2,175844.70,60
6327,Player2,175947.40,40
6328,Player2,175962.10,20
6329,Player2,175988.70,20
6333,Player2,176071.30,40
6346,Player2,176366.10,40
6347,Player2,176382.00,60
6350,Player2,176433.00,40
6353,Player2,176497.00,60
6354,Player2,176513.00,60
6357,Player2,176590.40,40
6358,Player2,176603.70,60
6359,Player2,176619.90,40
6360,Player2,176635.80,20
6362,Player2,176669.10,60
6366,Player2,176761.00,20
6367,Player2,176782.30,80
6370,Player2,176873.00,20
6379,Player2,177061.70,20
6382,Player2,177111.00,20
6383,Player2,177131.00,60
6385,Player2,177169.70,20
6386,Player2,177189.70,20
6390,Player2,177255.00,20
6391,Player2,177268.30,40
6392,Player2,177277.70,20
6393,Player2,177288.60,40
6395,Player2,177314.00,60
6397,Player2,177342.20,60
6398,Player2,177356.70,80
6399,Player2,177370.00,20
6401,Player2,177438.00,20
6402,Player2,177466.00,60
6403,Player2,177504.70,20
6404,Player2,177540.70,20
6405,Player2,177582.10,20
6406,Player2,177591.30,40
6407,Player2,177611.40,60
6408,Player2,177628.70,60
6410,Player2,177667.40,40
6411,Player2,177675.30,60
6417,Player2,177842.10,20
6421,Player2,177915.70,40
6422,Player2,177934.30,20
6423,Player2,177945.10,60
6431,Player2,178121.00,40
6432,Player2,178145.20,20
6433,Player2,178190.40,40
6434,Player2,178222.30,20
6436,Player2,178270.40,40
6438,Player2,178326.40,80
6439,Player2,178353.10,80
6444,Player2,178457.00,40
6449,Player2,178569.30,60
6452,Player2,178655.10,40
6455,Player2,178709.70,40
6456,Player2,178727.10,40
6460,Player2,178811.00,60
6461,Player2,178821.70,40
6462,Player2,178838.00,40
6463,Player2,178855.30,20
6464,Player2,178876.80,40
6465,Player2,178901.10,20
6466,Player2,178947.70,20
6467,Player2,178986.30,20
6469,Player2,179017.00,20
6471,Player2,179073.00,60
6474,Player2,179127.70,40
6476,Player2,179189.00,60
6477,Player2,179207.70,80
6482,Player2,179282.40,20
6483,Player2,179299.70,80
6487,Player2,179379.70,20
6488,Player2,179397.00,60
6489,Player2,179422.40,40
6490,Player2,179438.40,100
6493,Player2,179502.50,40
6495,Player2,179549.00,20
6497,Player2,179602.30,20
6498,Player2,179618.40,20
6500,Player2,179662.30,20
6501,Player2,179675.70,60
6503,Player2,179718.30,80
6504,Player2,179738.40,40
6505,Player2,179751.70,40
6506,Player2,179766.30,40
6510,Player2,179841.10,60
6512,Player2,179907.70,40
6513,Player2,179937.30,60
6515,Player2,179990.70,20
6523,Player2,180137.40,60
6524,Player2,180145.30,60
6525,Player2,180177.50,60
6528,Player2,180245.70,20
6532,Player2,180316.40,80
6537,Player2,180431.40,40
6541,Player2,180534.00,60
6544,Player2,180582.00,20
6546,Player2,180629.00,60
6551,Player2,180759.70,20
6554,Player2,180813.00,40
6555,Player2,180846.30,60
6558,Player2,180905.40,60
6560,Player2,180936.00,20
6568,Player2,181090.30,40
6569,Player2,181118.40,40
6572,Player2,181206.30,60
6575,Player2,181293.00,40
6579,Player2,181389.00,20
6580,Player2,181433.00,40
6583,Player2,181489.00,20
6584,Player2,181502.40,60
6586,Player2,181535.80,40
6587,Player2,181555.70,20
6591,Player2,181679.10,20
6597,Player2,181765.00,60
6600,Player2,181829.00,20
6601,Player2,181855.70,20
6602,Player2,181869.00,20
6604,Player2,181902.50,40
6612,Player2,182022.70,80
6615,Player2,182086.90,60
6619,Player2,182200.10,20
6620,Player2,182217.30,40
6624,Player2,182308.10,40
6625,Player2,182325.30,20
6626,Player2,182340.00,40
6628,Player2,182398.80,60
6632,Player2,182475.00,20
6633,Player2,182499.00,20
6634,Player2,182515.10,40
6635,Player2,182535.00,40
6636,Player2,182563.00,20
6638,Player2,182605.70,40
6640,Player2,182651.10,20
6643,Player2,182715.30,20
6644,Player2,182731.50,40
6645,Player2,182754.00,20
6649,Player2,182852.80,20
6650,Player2,182879.40,20
6652,Player2,182931.40,20
6653,Player2,182967.50,20
6654,Player2,182986.10,20
6655,Player2,182999.40,100
6664,Player2,183161.00,40
6668,Player2,183262.70,40
6671,Player2,183347.00,20
6672,Player2,183372.30,40
6680,Player2,183530.00,20
6681,Player2,183543.40,40
6683,Player2,183574.10,60
6690,Player2,183664.70,60
6695,Player2,183741.00,20
6698,Player2,183809.10,60
6701,Player2,183857.00,40
6702,Player2,183873.50,60
6703,Player2,183886.70,20
6704,Player2,183893.40,80
6705,Player2,183908.10,60
6712,Player2,184044.00,40
6714,Player2,184101.70,80
6715,Player2,184115.10,20
6719,Player2,184155.30,40
6722,Player2,184228.70,20
6729,Player2,184342.00,60
6731,Player2,184362.30,60
6733,Player2,184389.00,60
6735,Player2,184410.30,60
6736,Player2,184423.70,40
6737,Player2,184459.70,20
6738,Player2,184470.30,80
6741,Player2,184519.70,40
6743,Player2,184553.00,20
6744,Player2,184569.00,20
6747,Player2,184626.30,40
6748,Player2,184643.70,20
6750,Player2,184681.00,20
6753,Player2,184753.30,40
6762,Player2,184927.70,20
6763,Player2,184938.30,40
6765,Player2,184982.40,20
6767,Player2,185049.00,20
6769,Player2,185069.10,40
6772,Player2,185169.30,20
6777,Player2,185300.10,20
6778,Player2,185308.00,40
6783,Player2,185447.00,20
6785,Player2,185489.80,20
6789,Player2,185579.40,20
6790,Player2,185611.30,20
6794,Player2,185682.00,20
6797,Player2,185750.60,100
6798,Player2,185767.70,80
6803,Player2,185857.00,40
6810,Player2,185984.00,60
6811,Player2,186026.80,20
6814,Player2,186077.40,20
6815,Player2,186088.00,40
6816,Player2,186110.70,40
6818,Player2,186132.00,40
6823,Player2,186239.00,60
6828,Player2,186335.00,60
6834,Player2,186473.70,20
6835,Player2,186489.70,40
6838,Player2,186559.00,60
6839,Player2,186579.00,40
6840,Player2,186599.00,20
6842,Player2,186623.00,20
6843,Player2,186643.10,60
6844,Player2,186679.10,60
6846,Player2,186715.00,80
6848,Player2,186749.70,40
6851,Player2,186804.30,80
6855,Player2,186908.50,60
6860,Player2,187001.80,20
6861,Player2,187015.00,60
6864,Player2,187090.00,40
6867,Player2,187163.50,20
6868,Player2,187184.80,60
6869,Player2,187202.10,60
6870,Player2,187219.50,40
6873,Player2,187312.80,40
6874,Player2,187332.70,20
6876,Player2,187380.70,20
6877,Player2,187398.00,80
6878,Player2,187416.70,20
6879,Player2,187435.30,20
6880,Player2,187442.10,60
6881,Player2,187460.70,40
6882,Player2,187486.20,20
6883,Player2,187511.40,80
6884,Player2,187524.80,20
6887,Player2,187564.70,40
6888,Player2,187584.70,40
6890,Player2,187623.30,80
6891,Player2,187634.00,20
6894,Player2,187679.40,40
6901,Player2,187835.40,40
6904,Player2,187898.00,40
6906,Player2,187936.70,60
6909,Player2,187990.10,20
6910,Player2,188022.00,20
6914,Player2,188100.70,20
6916,Player2,188144.70,20
6917,Player2,188154.00,20
6919,Player2,188194.10,60
6920,Player2,188236.70,60
6930,Player2,188451.70,20
6936,Player2,188625.00,40
6942,Player2,188741.10,40
6944,Player2,188798.40,40
6945,Player2,188819.70,60
6946,Player2,188830.70,40
6948,Player2,188856.00,20
6957,Player2,189004.10,60
6958,Player2,189037.40,20
6959,Player2,189056.10,80
6961,Player2,189092.00,20
6964,Player2,189164.10,60
6966,Player2,189213.30,20
6967,Player2,189226.70,20
6970,Player2,189269.70,20
6971,Player2,189288.40,40
6976,Player2,189412.70,20
6977,Player2,189443.40,60
6978,Player2,189472.70,20
6981,Player2,189522.10,20
6983,Player2,189554.00,20
6986,Player2,189627.30,20
6987,Player2,189654.00,20
6989,Player2,189694.10,60
6990,Player2,189723.40,40
6998,Player2,189904.70,20
7001,Player2,189975.70,40
7002,Player2,190015.80,40
7004,Player2,190082.40,20
7005,Player2,190106.40,20
7006,Player2,190127.70,40
7007,Player2,190147.70,20
7011,Player2,190214.40,40
7013,Player2,190279.70,60
7016,Player2,190336.20,20
7019,Player2,190397.40,40
7023,Player2,190442.70,60
7024,Player2,190460.10,40
7026,Player2,190493.50,40
7027,Player2,190509.70,20
7028,Player2,190537.70,20
7034,Player2,190656.70,20
7040,Player2,190777.00,80
7041,Player2,190791.80,20
7046,Player2,190899.70,60
7049,Player2,190953.00,40
7050,Player2,190998.50,20
7051,Player2,191011.70,20
7056,Player2,191117.10,20
7058,Player2,191177.10,20
7059,Player2,191202.50,40
7062,Player2,191253.10,20
7063,Player2,191273.00,40
7066,Player2,191333.10,20
7069,Player2,191372.40,40
7070,Player2,191397.70,20
7071,Player2,191413.70,20
7078,Player2,191563.30,20
7080,Player2,191606.00,20
7084,Player2,191675.40,40
7085,Player2,191715.40,20
7087,Player2,191762.00,60
7088,Player2,191770.00,20
7089,Player2,191825.10,40
7093,Player2,191920.00,20
7095,Player2,191963.00,40
7096,Player2,191969.80,40
7098,Player2,192009.80,20
7099,Player2,192027.00,40
7102,Player2,192069.40,40
7103,Player2,192097.30,20
7105,Player2,192127.00,40
7106,Player2,192151.00,20
7107,Player2,192164.40,20
7109,Player2,192220.40,60
7110,Player2,192228.30,40
7115,Player2,192332.40,20
7119,Player2,192433.70,40
7122,Player2,192495.00,20
7125,Player2,192541.80,40
7127,Player2,192567.10,40
7128,Player2,192596.40,20
7129,Player2,192607.00,40
7131,Player2,192633.90,60
7133,Player2,192677.70,60
7134,Player2,192688.30,20
7135,Player2,192711.00,40
7136,Player2,192725.70,40
7137,Player2,192749.70,60
7141,Player2,192817.80,40
7150,Player2,193017.70,40
7151,Player2,193024.30,40
7153,Player2,193065.70,20
7155,Player2,193108.30,60
7156,Player2,193119.00,60
7157,Player2,193136.40,100
7162,Player2,193238.00,60
7163,Player2,193248.70,20
7167,Player2,193354.30,20
7168,Player2,193367.70,20
7169,Player2,193386.40,40
7170,Player2,193406.40,20
7175,Player2,193548.00,60
7176,Player2,193578.70,40
7181,Player2,193652.00,60
7182,Player2,193694.70,20
7183,Player2,193722.70,40
7184,Player2,193748.00,40
7187,Player2,193828.30,20
7188,Player2,193855.00,20
7191,Player2,193928.40,60
7197,Player2,194020.30,60
7198,Player2,194031.00,40
7199,Player2,194039.20,40
7202,Player2,194095.00,20
7208,Player2,194179.70,40
7210,Player2,194249.00,20
7215,Player2,194378.40,20
7218,Player2,194438.70,20
7219,Player2,194449.40,20
7221,Player2,194484.00,20
7224,Player2,194528.00,60
7226,Player2,194565.30,60
7228,Player2,194606.70,60
7229,Player2,194622.70,20
7231,Player2,194658.70,40
7232,Player2,194666.70,40
7233,Player2,194690.70,20
7238,Player2,194762.70,40
7242,Player2,194832.20,40
7243,Player2,194859.30,40
7244,Player2,194873.00,80
7246,Player2,194910.30,40
7247,Player2,194940.00,20
7248,Player2,194957.40,60
7249,Player2,194974.80,20
7254,Player2,195069.70,20
7256,Player2,195104.40,20
7257,Player2,195113.70,40
7261,Player2,195199.70,20
7265,Player2,195263.70,40
7266,Player2,195271.70,60
7268,Player2,195301.00,40
7272,Player2,195395.70,40
7286,Player2,195699.10,40
7295,Player2,195872.70,20
7296,Player2,195879.40,80
7297,Player2,195887.40,20
7298,Player2,195915.30,60
7299,Player2,195948.80,40
7300,Player2,195972.80,20
7302,Player2,196001.00,20
7306,Player2,196091.70,20
7307,Player2,196113.00,20
7309,Player2,196173.30,60
7310,Player2,196198.70,40
7315,Player2,196264.30,40
7317,Player2,196307.00,40
7319,Player2,196351.10,20
7320,Player2,196383.10,40
7321,Player2,196398.00,40
7323,Player2,196462.00,40
7324,Player2,196486.00,60
7327,Player2,196543.40,80
7328,Player2,196568.70,80
7329,Player2,196591.40,60
7330,Player2,196623.40,40
7334,Player2,196688.70,60
7336,Player2,196728.70,80
7337,Player2,196736.90,80
7338,Player2,196754.00,40
7340,Player2,196805.10,40
7341,Player2,196815.70,40
7343,Player2,196839.70,20
7344,Player2,196847.70,40
7348,Player2,196934.40,20
7351,Player2,196999.70,20
7352,Player2,197016.10,60
7353,Player2,197030.70,60
7354,Player2,197056.00,60
7357,Player2,197110.70,40
7358,Player2,197132.00,20
7359,Player2,197148.00,80
7364,Player2,197216.00,40
7375,Player2,197389.30,20
7381,Player2,197521.30,40
7382,Player2,197552.10,40
7383,Player2,197585.40,20
7384,Player2,197609.40,40
7385,Player2,197624.00,40
7389,Player2,197694.70,60
7395,Player2,197790.70,60
7400,Player2,197901.30,40
7404,Player2,197962.80,20
7406,Player2,198001.40,40
7407,Player2,198029.40,20
7410,Player2,198084.30,20
7412,Player2,198129.70,40
7413,Player2,198155.00,20
7414,Player2,198183.00,40
7417,Player2,198240.30,20
7418,Player2,198264.30,40
7420,Player2,198297.70,60
7421,Player2,198308.40,80
7426,Player2,198415.00,20
7430,Player2,198489.80,20
7431,Player2,198511.10,20
7432,Player2,198520.40,20
7433,Player2,198545.90,40
7434,Player2,198559.00,60
7437,Player2,198616.60,40
7438,Player2,198642.10,40
7439,Player2,198672.70,40
7440,Player2,198692.70,20
7441,Player2,198719.70,60
7445,Player2,198795.70,20
7448,Player2,198843.70,60
7452,Player2,198931.70,20
7453,Player2,198955.70,20
7457,Player2,199018.70,60
7458,Player2,199029.30,20
7463,Player2,199140.00,20
7466,Player2,199191.00,40
7472,Player2,199257.70,20
7475,Player2,199313.70,40
7477,Player2,199352.40,40
7478,Player2,199381.70,20
7480,Player2,199429.80,20
7497,Player2,199681.00,20
7498,Player2,199707.70,40
7500,Player2,199755.70,20
7501,Player2,199782.30,60
7503,Player2,199828.80,40
7505,Player2,199884.70,40
7508,Player2,199974.00,40
7513,Player2,200055.70,40
7515,Player2,200098.70,40
7520,Player2,200193.40,80
7521,Player2,200213.40,20
7522,Player2,200250.70,20
7525,Player2,200300.70,20
7526,Player2,200327.40,20
7533,Player2,200414.00,60
7534,Player2,200431.40,40
7536,Player2,200474.00,40
7537,Player2,200502.00,40
7540,Player2,200554.00,40
7541,Player2,200576.70,20
7543,Player2,200603.40,60
7544,Player2,200634.00,20
7553,Player2,200768.70,40
7554,Player2,200784.70,60
7556,Player2,200819.50,20
7557,Player2,200836.90,40
7562,Player2,200944.70,20
7563,Player2,200959.40,40
7565,Player2,201015.30,40
7566,Player2,201039.40,40
7567,Player2,201075.30,20
7569,Player2,201102.00,20
7571,Player2,201142.40,60
7572,Player2,201155.70,20
7573,Player2,201166.40,40
7574,Player2,201183.70,40
7575,Player2,201203.80,20
7580,Player2,201335.70,60
7585,Player2,201434.40,20
7586,Player2,201458.40,40
7588,Player2,201511.70,20
7589,Player2,201522.40,80
7592,Player2,201590.40,20
7594,Player2,201641.40,40
7595,Player2,201662.70,40
7603,Player2,201856.70,60
7604,Player2,201879.30,60
7605,Player2,201904.70,20
7607,Player2,201935.40,20
7609,Player2,201982.40,20
7615,Player2,202089.70,60
7616,Player2,202111.60,60
7619,Player2,202171.90,80
7620,Player2,202190.70,40
7621,Player2,202217.70,60
7635,Player2,202496.10,20
7637,Player2,202565.40,20
7639,Player2,202590.80,20
7651,Player2,202818.70,20
7652,Player2,202838.70,20
7653,Player2,202845.50,60
7655,Player2,202872.10,20
7656,Player2,202886.70,80
7658,Player2,202912.00,20
7659,Player2,202921.40,40
7662,Player2,203020.10,20
7665,Player2,203081.40,20
7668,Player2,203170.70,20
7673,Player2,203260.40,60
7674,Player2,203269.70,20
7676,Player2,203312.40,40
7678,Player2,203363.00,20
7679,Player2,203381.70,20
7681,Player2,203457.80,80
7683,Player2,203481.70,60
7684,Player2,203492.70,40
7685,Player2,203512.80,40
7686,Player2,203534.10,60
7688,Player2,203584.70,20
7690,Player2,203639.40,80
7691,Player2,203663.40,20
7695,Player2,203742.40,60
7696,Player2,203766.40,40
7699,Player2,203813.40,20
7701,Player2,203885.40,20
7702,Player2,203900.00,20
7705,Player2,203978.70,20
7707,Player2,204025.40,40
7709,Player2,204061.00,20
7713,Player2,204186.80,20
7714,Player2,204218.70,80
7716,Player2,204264.00,40
7717,Player2,204281.40,20
7720,Player2,204344.00,20
7735,Player2,204643.10,60
7736,Player2,204668.40,20
7738,Player2,204697.80,40
7741,Player2,204780.40,40
7743,Player2,204828.40,40
7750,Player2,204951.30,20
7751,Player2,204966.30,80
7753,Player2,205002.70,20
7757,Player2,205117.40,20
7758,Player2,205143.00,20
7759,Player2,205164.30,20
7762,Player2,205242.10,20
7763,Player2,205255.40,40
7765,Player2,205282.00,40
7766,Player2,205303.40,20
7767,Player2,205330.00,20
7769,Player2,205367.40,60
7770,Player2,205396.70,40
7771,Player2,205424.70,20
7774,Player2,205478.00,40
7775,Player2,205492.70,40
7776,Player2,205530.00,40
7779,Player2,205593.00,60
7780,Player2,205601.00,100
7786,Player2,205690.80,20
7788,Player2,205736.10,20
7793,Player2,205860.30,40
7800,Player2,206011.70,60
7805,Player2,206105.00,20
7806,Player2,206119.70,20
7809,Player2,206179.80,20
7812,Player2,206227.70,60
7815,Player2,206277.00,40
7816,Player2,206290.40,20
7819,Player2,206362.70,20
7824,Player2,206444.00,40
7830,Player2,206553.70,40
7833,Player2,206627.30,40
7834,Player2,206645.80,60
7841,Player2,206807.70,80
7842,Player2,206825.00,60
7843,Player2,206843.80,20
7847,Player2,206909.00,40
7848,Player2,206930.30,40
7856,Player2,207078.50,20
7857,Player2,207093.00,40
7858,Player2,207123.70,20
7859,Player2,207137.10,20
7862,Player2,207193.40,40
7865,Player2,207262.70,20
7866,Player2,207278.70,20
7869,Player2,207365.30,20
7870,Player2,207374.70,80
7871,Player2,207404.10,20
7873,Player2,207421.70,40
7875,Player2,207468.30,20
7877,Player2,207521.70,20
7884,Player2,207652.70,40
7886,Player2,207688.70,20
7888,Player2,207719.30,80
7891,Player2,207775.40,40
7892,Player2,207799.70,80
7893,Player2,207805.00,80
7901,Player2,207927.80,20
7904,Player2,207977.00,40
7910,Player2,208102.40,40
7911,Player2,208110.30,40
7912,Player2,208115.70,80
7914,Player2,208145.00,40
7917,Player2,208202.40,60
7918,Player2,208226.30,20
7920,Player2,208265.40,40
7926,Player2,208377.30,20
7927,Player2,208406.80,20
7929,Player2,208442.00,40
7935,Player2,208571.70,20
7936,Player2,208582.40,40
7937,Player2,208606.70,40
7939,Player2,208645.50,40
7944,Player2,208732.10,20
7945,Player2,208741.40,20
7949,Player2,208805.70,20
7952,Player2,208852.40,20
7953,Player2,208867.20,80
7954,Player2,208896.30,40
7955,Player2,208915.10,40
7956,Player2,208925.70,20
7957,Player2,208951.00,20
7959,Player2,209001.80,20
7962,Player2,209062.70,20
7965,Player2,209144.00,20
7966,Player2,209149.40,20
7967,Player2,209173.40,20
7968,Player2,209178.70,40
7970,Player2,209196.00,20
7971,Player2,209222.70,20
7979,Player2,209357.10,60
7988,Player2,209532.00,40
7992,Player2,209624.00,20
7994,Player2,209692.00,20
7995,Player2,209705.30,20
7998,Player2,209752.20,20
7999,Player2,209780.00,40
8000,Player2,209804.10,80
8006,Player2,209916.50,20
8010,Player2,209984.30,40
8011,Player2,210009.70,20
8012,Player2,210028.40,60
8013,Player2,210037.70,80
8016,Player2,210092.30,20
8017,Player2,210107.00,20
8018,Player2,210115.50,40
8020,Player2,210155.50,20
8030,Player2,210326.70,40
8036,Player2,210433.40,60
8041,Player2,210521.30,40
8042,Player2,210552.30,20
8046,Player2,210621.80,40
8047,Player2,210637.80,40
8050,Player2,210684.30,20
8051,Player2,210709.70,20
8052,Player2,210736.40,20
8053,Player2,210755.00,20
8058,Player2,210833.00,20
8059,Player2,210858.30,40
8060,Player2,210885.00,40
8062,Player2,210913.10,40
8065,Player2,210970.70,20
8068,Player2,211024.50,20
8072,Player2,211066.10,40
8078,Player2,211187.70,40
8086,Player2,211340.00,20
8090,Player2,211416.00,40
8091,Player2,211432.10,20
8095,Player2,211492.00,40
8097,Player2,211538.70,20
8100,Player2,211605.30,60
8107,Player2,211736.00,40
8108,Player2,211745.30,40
8109,Player2,211758.80,40
8112,Player2,211805.40,40
8113,Player2,211820.10,40
8114,Player2,211852.00,40
8115,Player2,211882.70,40
8116,Player2,211897.40,80
8120,Player2,211982.70,60
8124,Player2,212057.40,40
8125,Player2,212076.00,20
8128,Player2,212162.70,20
8129,Player2,212172.00,40
8130,Player2,212181.30,60
8132,Player2,212220.30,40
8133,Player2,212238.00,40
8134,Player2,212260.70,60
8135,Player2,212291.30,40
8137,Player2,212312.70,40
8139,Player2,212352.70,40
8140,Player2,212360.70,40
8141,Player2,212374.00,20
8142,Player2,212406.00,20
8144,Player2,212451.70,20
8148,Player2,212562.30,20
8149,Player2,212581.00,60
8156,Player2,212683.70,20
8157,Player2,212702.30,40
8163,Player2,212800.40,40
8164,Player2,212824.60,20
8167,Player2,212858.40,20
8170,Player2,212903.70,20
8171,Player2,212929.00,20
8172,Player2,212953.00,20
8173,Player2,212973.00,20
8174,Player2,212999.70,60
8175,Player2,213013.10,20
8180,Player2,213105.30,20
8183,Player2,213188.30,20
8188,Player2,213271.00,20
8191,Player2,213331.00,20
8192,Player2,213352.80,40
8193,Player2,213363.30,40
8195,Player2,213403.40,20
8196,Player2,213416.70,60
8197,Player2,213450.00,40
8198,Player2,213474.00,60
8203,Player2,213603.40,20
8204,Player2,213612.70,40
8205,Player2,213630.00,20
8206,Player2,213662.00,20
8207,Player2,213676.70,20
8209,Player2,213714.00,60
8214,Player2,213819.40,20
8217,Player2,213901.70,60
8225,Player2,214031.40,20
8226,Player2,214058.10,60
8229,Player2,214110.90,40
8231,Player2,214148.00,60
8233,Player2,214185.60,60
8237,Player2,214258.70,80
8239,Player2,214289.40,20
8241,Player2,214305.30,20
8247,Player2,214412.30,20
8248,Player2,214428.30,40
8253,Player2,214521.80,20
8255,Player2,214579.00,20
8256,Player2,214593.70,60
8259,Player2,214663.00,40
8260,Player2,214687.10,20
8261,Player2,214711.00,20
8262,Player2,214741.70,20
8263,Player2,214752.30,20
8269,Player2,214900.70,20
8274,Player2,214990.00,20
8276,Player2,215019.30,40
8277,Player2,215028.70,40
8285,Player2,215152.70,20
8287,Player2,215176.70,40
8288,Player2,215184.70,20
8289,Player2,215192.70,40
8290,Player2,215207.40,20
8297,Player2,215337.60,60
8298,Player2,215364.30,40
8302,Player2,215437.70,20
8308,Player2,215521.70,60
8309,Player2,215540.30,20
8310,Player2,215561.70,40
8311,Player2,215585.70,40
8314,Player2,215660.70,20
8317,Player2,215715.50,20
8318,Player2,215728.70,60
8321,Player2,215796.70,40
8326,Player2,215858.30,20
8328,Player2,215897.10,60
8329,Player2,215914.40,40
8338,Player2,216061.40,20
8339,Player2,216076.00,20
8342,Player2,216149.70,20
8343,Player2,216165.80,20
8344,Player2,216201.70,40
8347,Player2,216259.80,20
8348,Player2,216278.70,20
8349,Player2,216317.30,40
8356,Player2,216513.00,20
8357,Player2,216529.00,60
8358,Player2,216570.40,20
8362,Player2,216674.60,20
8364,Player2,216706.40,20
8365,Player2,216727.70,20
8369,Player2,216801.00,80
8370,Player2,216807.80,60
8371,Player2,216818.30,40
8373,Player2,216858.70,80
8374,Player2,216875.00,20
8375,Player2,216901.70,40
8376,Player2,216928.70,20
8378,Player2,216978.30,20
8379,Player2,216998.40,60
8381,Player2,217043.70,20
8385,Player2,217130.30,40
8386,Player2,217167.70,20
8389,Player2,217223.70,40
8390,Player2,217249.00,40
8391,Player2,217263.70,40
8392,Player2,217270.40,40
8394,Player2,217303.70,40
8395,Player2,217325.00,40
8398,Player2,217381.20,60
8401,Player2,217435.70,20
8402,Player2,217458.40,40
8403,Player2,217463.70,60
8422,Player2,217790.80,60
8423,Player2,217808.00,40
8426,Player2,217857.30,20
8432,Player2,217956.10,40
8437,Player2,218063.00,20
8443,Player2,218142.00,20
8446,Player2,218179.40,20
8447,Player2,218215.40,20
8448,Player2,218226.00,20
8449,Player2,218236.70,80
8450,Player2,218276.70,20
8452,Player2,218307.40,20
8454,Player2,218339.30,20
8455,Player2,218352.70,40
8458,Player2,218394.70,80
8464,Player2,218509.40,40
8467,Player2,218580.00,60
8468,Player2,218606.70,20
8470,Player2,218642.70,20
8473,Player2,218701.40,40
8474,Player2,218710.70,60
8475,Player2,218726.70,40
8478,Player2,218789.30,40
8479,Player2,218802.70,20
8480,Player2,218809.40,20
8481,Player2,218822.70,40
8483,Player2,218864.30,20
8484,Player2,218877.70,60
8487,Player2,218948.70,20
8490,Player2,219002.00,20
8491,Player2,219015.40,40
8494,Player2,219062.00,20
8497,Player2,219102.30,40
8502,Player2,219221.70,20
8503,Player2,219239.00,80
8506,Player2,219280.50,40
8507,Player2,219305.70,40
8508,Player2,219334.00,40
8509,Player2,219351.40,20
8513,Player2,219449.10,20
8514,Player2,219459.70,40
8515,Player2,219481.00,20
8516,Player2,219498.30,60
8518,Player2,219525.00,40
8519,Player2,219543.70,40
8520,Player2,219557.00,40
8521,Player2,219567.70,40
8527,Player2,219643.90,20
8533,Player2,219742.40,20
8534,Player2,219759.80,80
8535,Player2,219786.30,40
8540,Player2,219886.40,20
8541,Player2,219905.00,40
8543,Player2,219957.00,20
8544,Player2,220006.40,20
8552,Player2,220198.40,40
8555,Player2,220258.40,40
8556,Player2,220283.70,40
8561,Player2,220370.40,80
8562,Player2,220383.70,20
8563,Player2,220413.30,40
8564,Player2,220433.00,40
8567,Player2,220495.70,20
8568,Player2,220505.00,60
8570,Player2,220533.00,20
8572,Player2,220573.00,60
8573,Player2,220586.30,80
8576,Player2,220644.00,40
8578,Player2,220691.00,60
8580,Player2,220727.40,60
8581,Player2,220746.10,40
8582,Player2,220763.40,20
8583,Player2,220783.70,20
8584,Player2,220790.50,20
8585,Player2,220809.10,20
8588,Player2,220886.30,60
8593,Player2,220970.30,20
8595,Player2,221006.50,20
8596,Player2,221023.70,40
8604,Player2,221192.00,20
8607,Player2,221273.30,60
8608,Player2,221297.30,80
8609,Player2,221312.00,80
8610,Player2,221337.40,20
8613,Player2,221393.70,40
8618,Player2,221463.00,40
8622,Player2,221555.00,40
8624,Player2,221602.10,20
8626,Player2,221642.00,20
8627,Player2,221667.70,20
8629,Player2,221702.40,40
8630,Player2,221721.00,40
8633,Player2,221782.40,20
8635,Player2,221818.70,20
8636,Player2,221837.30,20
8638,Player2,221877.40,40
8639,Player2,221900.00,20
8640,Player2,221918.70,60
8642,Player2,221945.30,40
8643,Player2,221953.40,40
8644,Player2,221978.70,40
8645,Player2,221985.40,20
8646,Player2,222005.40,20
8647,Player2,222022.70,40
8655,Player2,222184.40,20
8657,Player2,222251.00,40
8658,Player2,222278.00,40
8660,Player2,222314.50,20
8661,Player2,222333.00,60
8662,Player2,222347.70,40
8663,Player2,222365.00,80
8667,Player2,222429.30,40
8669,Player2,222446.70,20
8670,Player2,222470.70,20
8673,Player2,222513.40,20
8675,Player2,222532.10,40
8677,Player2,222572.00,80
8678,Player2,222585.70,40
8681,Player2,222620.30,20
8683,Player2,222681.70,40
8685,Player2,222719.00,40
8686,Player2,222743.00,20
8687,Player2,222759.00,60
8690,Player2,222840.70,40
8695,Player2,222915.70,40
8699,Player2,223016.00,40
8700,Player2,223045.40,20
8701,Player2,223062.70,40
8702,Player2,223078.70,20
8707,Player2,223184.50,40
8708,Player2,223209.70,60
8710,Player2,223239.00,40
8711,Player2,223267.50,20
8712,Player2,223294.10,20
8718,Player2,223376.70,40
8719,Player2,223403.50,20
8721,Player2,223444.70,20
8724,Player2,223485.00,40
8727,Player2,223568.00,60
8729,Player2,223600.10,40
8739,Player2,223767.10,80
8741,Player2,223810.40,20
8746,Player2,223929.00,20
8753,Player2,224057.00,20
8754,Player2,224066.40,60
8756,Player2,224101.00,40
8757,Player2,224121.00,20
8760,Player2,224173.10,60
8761,Player2,224199.80,40
8762,Player2,224231.00,40
8766,Player2,224340.70,20
8772,Player2,224428.70,40
8778,Player2,224538.00,40
8782,Player2,224644.70,20
8783,Player2,224666.00,40
8784,Player2,224674.00,40
8789,Player2,224767.40,20
8791,Player2,224798.20,20
8792,Player2,224812.70,20
8798,Player2,224954.00,20
8799,Player2,224975.50,40
8802,Player2,225037.40,20
8803,Player2,225073.40,40
8807,Player2,225137.30,40
8809,Player2,225174.70,20
8810,Player2,225205.70,20
8815,Player2,225275.50,40
8817,Player2,225311.30,60
8818,Player2,225327.50,60
8819,Player2,225343.40,40
8824,Player2,225436.80,40
8828,Player2,225515.30,80
8829,Player2,225526.30,60
8830,Player2,225535.60,100
8839,Player2,225694.40,20
8841,Player2,225745.00,20
8844,Player2,225774.30,40
8845,Player2,225791.70,20
8846,Player2,225841.00,20
8847,Player2,225874.40,40
8848,Player2,225885.50,20
8850,Player2,225918.70,20
8851,Player2,225938.70,20
8852,Player2,225970.70,40
8858,Player2,226093.50,40
8861,Player2,226160.00,20
8862,Player2,226176.10,20
8865,Player2,226236.00,40
8866,Player2,226245.30,60
8867,Player2,226265.40,20
8869,Player2,226316.00,20
8870,Player2,226341.40,20
8872,Player2,226380.10,20
8878,Player2,226532.00,60
8879,Player2,226546.70,20
8885,Player2,226662.70,20
8887,Player2,226704.00,40
8891,Player2,226752.00,20
8894,Player2,226813.40,60
8895,Player2,226837.40,20
8897,Player2,226892.30,40
8900,Player2,226966.00,20
8902,Player2,227014.40,20
8903,Player2,227039.70,20
8905,Player2,227073.10,40
8906,Player2,227102.40,40
8907,Player2,227122.40,20
8915,Player2,227249.70,80
8916,Player2,227273.80,40
8917,Player2,227284.40,40
8919,Player2,227337.70,40
8920,Player2,227356.40,20
8922,Player2,227382.10,20
8924,Player2,227412.70,40
8927,Player2,227484.70,60
8930,Player2,227543.70,80
8932,Player2,227590.40,40
8934,Player2,227621.00,20
8936,Player2,227659.80,20
8937,Player2,227665.20,20
8939,Player2,227715.70,20
8940,Player2,227733.00,40
8943,Player2,227785.50,40
8944,Player2,227800.30,100
8947,Player2,227851.40,40
8952,Player2,227948.70,20
8955,Player2,228006.10,40
8956,Player2,228027.40,40
8958,Player2,228074.70,40
8959,Player2,228094.70,20
8960,Player2,228117.40,20
8963,Player2,228183.00,40
8964,Player2,228203.10,40
8970,Player2,228314.00,20
8973,Player2,228362.20,20
8974,Player2,228382.00,60
8975,Player2,228396.80,60
8980,Player2,228502.10,40
8981,Player2,228530.30,60
8982,Player2,228549.00,20
8983,Player2,228563.70,20
8986,Player2,228605.00,20
8988,Player2,228631.70,60
8991,Player2,228677.00,20
8992,Player2,228693.00,20
8995,Player2,228749.00,40
8997,Player2,228781.00,20
9000,Player2,228837.00,60
9001,Player2,228852.00,40
9002,Player2,228872.00,20
9009,Player2,229041.80,20
9010,Player2,229069.70,20
9015,Player2,229175.50,40
9016,Player2,229186.00,20
9017,Player2,229202.00,40
9021,Player2,229260.80,40
9023,Player2,229300.70,60
9026,Player2,229351.50,20
9029,Player2,229396.70,40
9036,Player2,229526.30,40
9042,Player2,229658.70,20
9043,Player2,229684.40,20
9044,Player2,229708.40,40
9045,Player2,229724.30,60
9046,Player2,229745.70,20
9053,Player2,229856.40,20
9055,Player2,229889.70,60
9057,Player2,229925.70,20
9060,Player2,229999.00,20
9061,Player2,230007.00,80
9062,Player2,230040.30,40
9063,Player2,230068.40,40
9065,Player2,230109.80,40
9072,Player2,230217.80,20
9073,Player2,230255.30,40
9077,Player2,230336.70,20
9085,Player2,230498.00,40
9086,Player2,230526.00,60
9090,Player2,230595.40,20
9091,Player2,230614.10,20
9094,Player2,230666.00,40
9098,Player2,230732.70,20
9100,Player2,230758.00,60
9102,Player2,230796.70,60
9103,Player2,230816.70,40
9106,Player2,230875.40,20
9109,Player2,230923.70,60
9112,Player2,230993.40,40
9117,Player2,231076.00,40
9118,Player2,231081.30,60
9121,Player2,231149.70,20
9122,Player2,231173.70,40
9125,Player2,231226.00,20
9131,Player2,231343.70,20
9132,Player2,231365.40,20
9134,Player2,231404.00,80
9135,Player2,231442.70,40
9137,Player2,231480.40,20
9139,Player2,231515.10,60
9143,Player2,231610.20,20
9144,Player2,231649.10,40
9149,Player2,231749.00,80
9150,Player2,231774.40,20
9152,Player2,231802.40,60
9153,Player2,231815.70,60
9154,Player2,231830.70,40
9155,Player2,231845.40,60
9156,Player2,231865.40,20
9157,Player2,231876.00,60
9158,Player2,231893.30,60
9159,Player2,231908.00,40
9163,Player2,231965.30,20
9165,Player2,232016.70,40
9166,Player2,232036.70,100
9170,Player2,232126.10,40
9174,Player2,232204.70,60
9176,Player2,232232.70,20
9178,Player2,232276.80,40
9182,Player2,232339.40,80
9185,Player2,232376.70,20
9186,Player2,232418.00,20
9188,Player2,232446.20,60
9192,Player2,232512.70,20
9198,Player2,232628.70,20
9199,Player2,232635.30,60
9200,Player2,232646.00,20
9201,Player2,232671.30,60
9202,Player2,232691.40,60
9203,Player2,232710.00,20
9204,Player2,232739.50,40
9205,Player2,232768.70,40
9207,Player2,232804.70,20
9209,Player2,232830.40,60
9210,Player2,232843.70,20
9212,Player2,232895.70,40
9217,Player2,232971.80,20
9218,Player2,232990.40,80
9219,Player2,233003.70,60
9220,Player2,233022.30,20
9225,Player2,233112.10,40
9226,Player2,233129.30,20
9228,Player2,233152.00,20
9231,Player2,233240.70,20
9235,Player2,233302.40,20
9238,Player2,233354.70,20
9240,Player2,233389.40,20
9243,Player2,233446.70,60
9246,Player2,233492.30,40
9253,Player2,233609.70,40
9255,Player2,233648.30,20
9256,Player2,233656.50,20
9259,Player2,233723.00,20
9263,Player2,233773.70,60
9265,Player2,233803.10,40
9266,Player2,233828.40,20
9268,Player2,233857.70,20
9271,Player2,233892.30,60
9278,Player2,234004.70,20
9280,Player2,234038.10,20
9281,Player2,234049.10,40
9284,Player2,234115.70,80
9285,Player2,234129.00,40
9295,Player2,234301.00,20
9296,Player2,234318.40,20
9297,Player2,234345.00,20
9305,Player2,234473.10,40
9306,Player2,234493.00,20
9312,Player2,234570.70,100
9313,Player2,234586.70,20
9314,Player2,234601.40,40
9322,Player2,234728.30,20
9323,Player2,234739.00,80
9326,Player2,234784.40,60
9327,Player2,234800.70,40
9329,Player2,234839.40,60
9331,Player2,234867.30,20
9332,Player2,234891.80,60
9333,Player2,234910.40,20
9334,Player2,234926.30,80
9341,Player2,235062.40,40
9345,Player2,235111.70,20
9348,Player2,235149.40,20
9352,Player2,235186.70,20
9354,Player2,235225.70,20
9358,Player2,235302.10,60
9361,Player2,235368.70,20
9365,Player2,235439.70,40
9366,Player2,235458.30,40
9371,Player2,235557.30,60
9374,Player2,235628.10,60
9375,Player2,235646.70,20
9376,Player2,235665.50,40
9377,Player2,235685.40,20
9379,Player2,235716.80,40
9380,Player2,235724.70,20
9381,Player2,235746.00,20
9382,Player2,235767.30,60
9385,Player2,235834.00,40
9386,Player2,235844.70,20
9389,Player2,235890.00,80
9390,Player2,235906.40,20
9391,Player2,235938.80,20
9394,Player2,236009.30,20
9405,Player2,236205.30,20
9407,Player2,236261.70,20
9409,Player2,236320.70,40
9411,Player2,236366.10,40
9412,Player2,236380.70,60
9414,Player2,236416.80,40
9415,Player2,236432.90,20
9417,Player2,236468.70,20
9421,Player2,236530.00,20
9429,Player2,236680.00,20
9434,Player2,236758.70,40
9435,Player2,236776.00,20
9436,Player2,236786.70,40
9438,Player2,236804.00,20
9441,Player2,236849.70,40
9442,Player2,236856.50,60
9443,Player2,236867.00,20
9444,Player2,236891.00,60
9448,Player2,236963.00,20
9449,Player2,236984.70,40
9452,Player2,237027.30,40
9453,Player2,237051.50,40
9454,Player2,237066.30,20
9461,Player2,237143.70,40
9463,Player2,237213.10,20
9468,Player2,237314.30,40
9470,Player2,237358.40,20
9473,Player2,237415.70,80
9476,Player2,237478.40,20
9479,Player2,237554.30,60
9481,Player2,237594.40,20
9482,Player2,237615.70,40
9483,Player2,237634.40,20
9485,Player2,237658.40,20
9486,Player2,237679.70,40
9487,Player2,237693.00,40
9490,Player2,237771.80,60
9491,Player2,237789.00,80
9492,Player2,237809.00,40
9494,Player2,237850.70,20
9496,Player2,237889.70,40
9497,Player2,237904.50,60
9499,Player2,237962.00,20
9503,Player2,238018.00,40
9504,Player2,238042.10,20
9508,Player2,238119.30,40
9511,Player2,238147.40,60
9515,Player2,238192.70,40
9516,Player2,238203.30,60
9520,Player2,238242.30,20
9532,Player2,238442.30,40
9533,Player2,238462.40,20
9534,Player2,238478.30,40
9535,Player2,238508.10,20
9536,Player2,238532.00,20
9537,Player2,238545.30,40
9539,Player2,238588.00,20
9540,Player2,238604.00,40
9542,Player2,238639.00,40
9546,Player2,238691.30,20
9549,Player2,238744.70,40
9551,Player2,238796.70,20
9555,Player2,238871.70,40
9560,Player2,238998.70,20
9562,Player2,239030.10,60
9563,Player2,239039.30,100
9564,Player2,239066.00,20
9568,Player2,239139.30,20
9569,Player2,239155.40,40
9570,Player2,239175.30,20
9571,Player2,239192.80,40
9572,Player2,239228.70,20
9574,Player2,239252.70,40
9575,Player2,239276.70,40
9576,Player2,239294.10,20
9580,Player2,239367.40,20
9582,Player2,239397.00,20
9583,Player2,239405.10,20
9590,Player2,239528.50,40
9591,Player2,239544.30,40
9592,Player2,239551.20,60
9597,Player2,239614.00,20
9600,Player2,239675.30,20
9603,Player2,239735.70,20
9604,Player2,239761.00,20
9605,Player2,239778.30,20
9607,Player2,239805.00,20
9613,Player2,239889.30,20
9614,Player2,239913.40,20
9615,Player2,239945.40,20
9616,Player2,239953.40,20
9617,Player2,239962.80,40
9622,Player2,240055.70,40
9624,Player2,240109.10,20
9626,Player2,240138.50,20
9627,Player2,240157.10,80
9630,Player2,240198.40,60
9634,Player2,240278.70,20
9635,Player2,240296.00,80
9636,Player2,240310.70,40
9637,Player2,240321.40,40
9639,Player2,240363.00,60
9643,Player2,240463.80,20
9646,Player2,240516.00,40
9648,Player2,240546.70,40
9650,Player2,240585.70,20
9654,Player2,240663.00,20
9655,Player2,240676.40,40
9658,Player2,240723.00,40
9661,Player2,240764.80,40
9662,Player2,240770.00,60
9665,Player2,240840.70,20
9669,Player2,240926.00,20
9672,Player2,241002.00,20
9673,Player2,241022.00,20
9674,Player2,241036.80,60
9675,Player2,241051.40,60
9676,Player2,241067.30,40
9677,Player2,241080.70,20
9685,Player2,241223.70,40
9689,Player2,241294.00,60
9690,Player2,241324.70,20
9691,Player2,241344.70,80
9693,Player2,241403.40,60
9694,Player2,241422.10,40
9700,Player2,241500.80,20
9702,Player2,241525.00,60
9705,Player2,241575.70,40
9706,Player2,241591.70,60
9709,Player2,241627.70,20
9711,Player2,241657.10,20
9712,Player2,241673.00,40
9714,Player2,241697.00,40
9717,Player2,241776.00,40
9718,Player2,241790.70,40
9721,Player2,241854.70,20
9729,Player2,242012.10,20
9732,Player2,242065.80,20
9733,Player2,242080.50,60
9737,Player2,242148.40,40
9744,Player2,242275.40,20
9745,Player2,242284.80,40
9751,Player2,242364.70,20
9753,Player2,242403.40,20
9754,Player2,242423.30,80
9757,Player2,242462.10,40
9758,Player2,242492.70,20
9759,Player2,242510.20,40
9760,Player2,242532.70,40
9762,Player2,242554.00,20
9765,Player2,242629.00,20
9766,Player2,242645.00,60
9768,Player2,242686.40,20
9770,Player2,242726.30,40
9775,Player2,242820.40,60
9776,Player2,242833.70,20
9777,Player2,242841.70,60
9781,Player2,242923.00,40
9783,Player2,242952.40,40
9785,Player2,242979.10,40
9787,Player2,243039.00,40
9790,Player2,243068.70,20
9793,Player2,243122.00,20
9797,Player2,243205.00,20
9806,Player2,243334.40,40
9807,Player2,243350.50,40
9811,Player2,243416.00,60
9813,Player2,243457.80,80
9814,Player2,243471.00,20
9815,Player2,243479.10,80
9820,Player2,243552.70,60
9822,Player2,243608.70,40
9826,Player2,243682.40,60
9827,Player2,243708.10,60
9834,Player2,243824.00,40
9835,Player2,243840.00,40
9836,Player2,243875.30,60
9837,Player2,243895.40,40
9839,Player2,243916.70,20
9840,Player2,243935.30,40
9843,Player2,244002.00,20
9844,Player2,244015.40,40
9845,Player2,244022.00,60
9846,Player2,244044.70,20
9853,Player2,244166.70,20
9854,Player2,244174.70,20
9856,Player2,244229.70,20
9859,Player2,244293.70,20
9860,Player2,244312.40,40
9862,Player2,244335.00,20
9867,Player2,244431.00,60
9871,Player2,244496.50,20
9874,Player2,244544.50,20
9877,Player2,244592.70,20
9878,Player2,244602.10,60
9892,Player2,244839.80,20
9906,Player2,245108.40,20
9907,Player2,245115.00,40
9908,Player2,245136.40,20
9911,Player2,245188.90,40
9912,Player2,245208.70,40
9919,Player2,245330.30,20
9920,Player2,245350.40,20
9921,Player2,245358.40,20
9922,Player2,245369.00,40
9923,Player2,245390.30,60
9925,Player2,245420.00,40
9927,Player2,245450.80,20
9928,Player2,245476.00,40
9930,Player2,245504.00,40
9935,Player2,245589.40,40
9936,Player2,245600.00,20
9940,Player2,245685.70,20
9941,Player2,245707.00,20
9942,Player2,245723.00,20
9948,Player2,245853.00,40
9952,Player2,245935.70,60
9955,Player2,245994.80,60
9971,Player2,246329.90,20
9973,Player2,246367.40,40
9981,Player2,246498.40,80
9985,Player2,246579.80,20
9986,Player2,246633.00,20
9987,Player2,246651.70,40
9988,Player2,246690.40,20
9989,Player2,246705.00,20
9990,Player2,246723.70,20
9991,Player2,246737.00,60
9993,Player2,246773.30,20
9994,Player2,246799.40,20
9998,Player2,246887.30,40
10003,Player2,246981.40,20
10005,Player2,247050.70,40
10006,Player2,247066.70,60
10007,Player2,247080.10,20
10010,Player2,247141.40,60
10012,Player2,247192.00,20
10015,Player2,247264.00,40
10016,Player2,247285.40,40
10017,Player2,247300.00,40
10018,Player2,247313.30,40
10021,Player2,247421.30,40
10023,Player2,247474.90,20
10024,Player2,247488.00,20
10025,Player2,247506.90,100
10026,Player2,247517.30,60
10027,Player2,247546.70,20
10028,Player2,247560.00,40
10030,Player2,247619.00,80
10040,Player2,247826.00,20
10041,Player2,247840.70,40
10042,Player2,247873.10,20
10043,Player2,247886.40,60
10044,Player2,247901.00,60
10046,Player2,247930.40,20
10048,Player2,247963.70,40
10049,Player2,247977.40,60
10051,Player2,247997.30,20
10053,Player2,248021.30,20
10054,Player2,248038.70,40
10055,Player2,248056.30,40
10057,Player2,248080.40,40
10058,Player2,248107.10,60
10059,Player2,248121.70,60
10060,Player2,248168.40,20
10063,Player2,248203.00,20
10064,Player2,248221.70,20
10065,Player2,248236.40,20
10066,Player2,248252.30,40
10068,Player2,248288.70,40
10076,Player2,248391.40,40
10077,Player2,248411.30,60
10078,Player2,248447.30,20
10079,Player2,248476.70,20
10080,Player2,248500.70,20
10085,Player2,248599.90,20
10086,Player2,248613.00,60
10088,Player2,248661.00,20
10089,Player2,248685.10,40
10090,Player2,248702.30,80
10092,Player2,248731.70,20
10093,Player2,248738.30,60
10098,Player2,248838.40,40
10099,Player2,248854.30,20
10104,Player2,248971.70,20
10105,Player2,248979.70,20
10108,Player2,249038.30,20
10112,Player2,249102.70,40
10114,Player2,249130.70,40
10115,Player2,249159.00,20
10119,Player2,249247.00,40
10120,Player2,249261.70,40
10121,Player2,249283.40,60
10122,Player2,249298.00,20
10123,Player2,249323.40,20
10125,Player2,249348.70,20
10126,Player2,249366.40,40
10127,Player2,249381.00,20
10129,Player2,249421.00,20
10130,Player2,249435.70,40
10134,Player2,249485.70,40
10141,Player2,249595.70,40
10143,Player2,249621.00,20
10147,Player2,249680.00,80
10150,Player2,249717.50,20
10151,Player2,249725.40,40
10152,Player2,249736.20,20
10153,Player2,249752.00,60
10154,Player2,249773.30,20
10161,Player2,249937.10,60
10167,Player2,250091.70,20
10169,Player2,250125.40,20
10170,Player2,250144.00,20
10175,Player2,250237.30,60
10176,Player2,250258.70,40
10177,Player2,250265.60,60
10178,Player2,250279.20,40
10181,Player2,250324.40,60
10185,Player2,250382.00,20
10186,Player2,250395.70,80
10193,Player2,250521.00,20
10195,Player2,250566.70,20
10199,Player2,250637.30,20
10204,Player2,250716.00,20
10210,Player2,250792.00,40
10211,Player2,250809.40,60
10212,Player2,250822.70,20
10213,Player2,250840.00,60
10214,Player2,250865.30,20
10217,Player2,250912.70,20
10219,Player2,250942.10,60
10220,Player2,250952.70,20
10221,Player2,250978.00,40
10222,Player2,250994.10,80
10225,Player2,251041.30,20
10226,Player2,251068.10,20
10229,Player2,251123.30,20
10230,Player2,251142.00,20
10231,Player2,251168.70,60
10232,Player2,251182.00,40
10233,Player2,251206.30,20
10235,Player2,251243.70,20
10236,Player2,251254.30,80
10238,Player2,251299.70,20
10239,Player2,251314.30,20
10241,Player2,251349.00,20
10242,Player2,251385.40,40
10245,Player2,251424.00,60
10247,Player2,251459.00,100
10248,Player2,251476.70,60
10250,Player2,251499.40,80
10254,Player2,251594.00,20
10259,Player2,251678.00,20
10262,Player2,251750.30,40
10265,Player2,251798.30,20
10266,Player2,251817.00,60
10267,Player2,251831.70,40
10268,Player2,251861.00,20
10276,Player2,252013.40,20
10277,Player2,252033.40,20
10278,Player2,252048.00,20
10283,Player2,252128.30,40
10284,Player2,252135.00,60
10285,Player2,252160.40,20
10288,Player2,252221.80,60
10289,Player2,252232.40,40
10292,Player2,252300.40,20
10293,Player2,252309.70,20
10294,Player2,252328.40,20
10298,Player2,252421.70,20
10299,Player2,252443.00,40
10300,Player2,252459.00,40
10305,Player2,252576.70,20
10306,Player2,252586.10,40
10307,Player2,252614.10,20
10308,Player2,252655.30,20
10313,Player2,252739.80,40
10314,Player2,252771.70,20
10315,Player2,252785.30,40
10318,Player2,252857.30,40
10320,Player2,252897.40,20
10322,Player2,252965.70,60
10328,Player2,253075.30,40
10329,Player2,253086.10,20
10330,Player2,253091.30,20
10331,Player2,253098.00,60
10332,Player2,253118.30,40
10333,Player2,253137.00,20
10334,Player2,253145.00,100
10337,Player2,253189.30,20
10340,Player2,253257.40,80
10341,Player2,253274.70,20
10343,Player2,253297.40,60
10344,Player2,253314.70,20
10345,Player2,253333.30,60
10346,Player2,253349.60,40
10347,Player2,253360.00,40
10352,Player2,253425.40,60
10355,Player2,253483.30,20
10356,Player2,253498.00,40
10364,Player2,253631.70,20
10365,Player2,253658.40,20
10366,Player2,253682.50,40
10367,Player2,253689.00,60
10368,Player2,253707.70,20
10372,Player2,253773.40,20
10373,Player2,253792.10,40
10374,Player2,253808.30,20
10379,Player2,253898.00,40
10380,Player2,253911.80,20
10381,Player2,253942.30,20
10387,Player2,254038.30,40
10389,Player2,254067.70,40
10399,Player2,254239.70,40
10400,Player2,254249.40,40
10404,Player2,254332.00,40
10405,Player2,254345.30,20
10410,Player2,254431.00,40
10411,Player2,254457.70,20
10414,Player2,254501.70,20
10419,Player2,254616.50,40
10420,Player2,254643.00,40
10421,Player2,254659.00,40
10422,Player2,254672.30,40
10423,Player2,254685.80,80
10424,Player2,254705.90,60
10425,Player2,254731.40,20
10427,Player2,254755.40,40
10429,Player2,254791.70,40
10430,Player2,254799.80,60
10431,Player2,254815.70,60
10432,Player2,254829.00,80
10434,Player2,254875.70,20
10435,Player2,254897.00,40
10440,Player2,255030.70,60
10446,Player2,255152.60,40
10447,Player2,255175.00,40
10452,Player2,255256.30,20
10454,Player2,255292.70,20
10459,Player2,255411.70,40
10462,Player2,255469.70,40
10463,Player2,255485.70,20
10472,Player2,255620.80,20
10473,Player2,255648.70,60
10477,Player2,255692.70,60
10478,Player2,255706.00,20
10482,Player2,255790.10,20
10493,Player2,255996.00,40
10495,Player2,256030.80,40
10497,Player2,256057.30,20
10498,Player2,256074.70,40
10499,Player2,256092.00,40
10502,Player2,256133.30,100
10503,Player2,256149.70,40
10505,Player2,256185.70,20
10509,Player2,256244.80,20
10510,Player2,256264.70,20
10514,Player2,256335.40,20
10515,Player2,256380.00,20
10518,Player2,256430.00,20
10520,Player2,256463.30,20
10529,Player2,256603.70,60
10530,Player2,256618.30,20
10531,Player2,256642.50,20
10532,Player2,256670.50,40
10533,Player2,256691.80,80
10536,Player2,256733.00,80
10537,Player2,256758.40,60
10538,Player2,256765.00,80
10539,Player2,256783.70,20
10540,Player2,256809.00,40
10543,Player2,256879.50,100
10544,Player2,256906.10,20
10545,Player2,256916.70,60
10546,Player2,256936.70,20
10547,Player2,256946.00,40
10548,Player2,256963.30,20
10550,Player2,256995.80,40
10552,Player2,257019.70,20
10553,Player2,257040.10,60
10556,Player2,257068.30,20
10559,Player2,257119.30,40
10560,Player2,257149.10,60
10561,Player2,257159.70,20
10562,Player2,257181.00,20
10563,Player2,257198.70,40
10564,Player2,257205.40,20
10573,Player2,257359.30,40
10579,Player2,257468.90,20
10580,Player2,257482.30,20
10585,Player2,257557.00,60
10586,Player2,257570.30,20
10589,Player2,257629.00,40
10595,Player2,257723.80,20
10598,Player2,257786.30,20
10599,Player2,257802.70,40
10602,Player2,257840.30,20
10605,Player2,257911.40,60
10606,Player2,257916.70,40
10612,Player2,258008.00,40
10613,Player2,258037.30,20
10617,Player2,258119.00,20
10620,Player2,258187.00,20
10623,Player2,258251.00,40
10625,Player2,258275.30,40
10629,Player2,258328.90,20
10630,Player2,258348.70,40
10631,Player2,258364.70,80
10632,Player2,258389.00,20
10634,Player2,258427.70,20
10636,Player2,258466.70,20
10638,Player2,258517.40,20
10641,Player2,258580.30,20
10643,Player2,258660.40,40
10644,Player2,258679.00,20
10647,Player2,258717.70,20
10649,Player2,258743.00,60
10650,Player2,258762.20,20
10654,Player2,258861.00,20
10660,Player2,258943.70,40
10661,Player2,258973.10,80
10663,Player2,259014.40,40
10667,Player2,259073.50,40
10670,Player2,259132.00,20
10673,Player2,259168.10,60
10674,Player2,259179.00,40
10675,Player2,259200.40,40
10676,Player2,259208.40,100
10677,Player2,259215.00,60
10678,Player2,259243.00,20
10681,Player2,259300.30,20
10684,Player2,259345.70,60
10685,Player2,259355.00,20
10690,Player2,259455.00,80
10695,Player2,259574.00,20
10697,Player2,259630.00,20
10698,Player2,259647.40,60
10699,Player2,259666.00,20
10700,Player2,259674.10,20
10702,Player2,259716.70,20
10704,Player2,259764.70,40
10705,Player2,259795.30,20
10706,Player2,259812.80,40
10707,Player2,259844.80,40
10708,Player2,259854.00,20
10710,Player2,259928.80,20
10712,Player2,259958.00,40
10716,Player2,260015.30,20
10717,Player2,260034.00,20
10718,Player2,260055.40,40
10719,Player2,260070.10,60
10720,Player2,260099.30,40
10722,Player2,260143.40,40
10724,Player2,260174.00,20
10726,Player2,260215.30,20
10727,Player2,260232.70,40
10728,Player2,260251.40,20
10730,Player2,260274.10,20
10734,Player2,260373.00,20
10735,Player2,260386.60,20
10736,Player2,260403.70,20
10738,Player2,260450.40,40
10739,Player2,260467.70,60
10740,Player2,260498.30,60
10741,Player2,260509.10,80
10742,Player2,260539.70,40
10748,Player2,260631.70,80
10749,Player2,260638.40,20
10753,Player2,260709.10,40
10754,Player2,260726.30,20
10755,Player2,260739.70,20
10757,Player2,260773.00,60
10759,Player2,260817.00,60
10761,Player2,260853.10,40
10764,Player2,260905.10,20
10765,Player2,260919.70,80
10769,Player2,260983.70,20
10770,Player2,260998.40,20
10771,Player2,261017.00,60
10773,Player2,261050.30,20
10778,Player2,261125.00,20
10779,Player2,261153.40,20
10783,Player2,261273.70,20
10785,Player2,261308.70,60
10792,Player2,261454.40,20
10799,Player2,261558.40,40
10805,Player2,261654.70,60
10806,Player2,261665.40,20
10808,Player2,261694.70,60
10809,Player2,261726.80,60
10812,Player2,261773.40,60
10814,Player2,261801.40,20
10818,Player2,261897.40,40
10819,Player2,261918.70,40
10820,Player2,261932.10,20
10825,Player2,262037.70,20
10831,Player2,262139.20,40
10832,Player2,262148.50,20
10836,Player2,262221.00,80
10838,Player2,262265.00,20
10839,Player2,262285.00,60
10842,Player2,262350.30,20
10843,Player2,262374.40,60
10845,Player2,262421.00,40
10847,Player2,262466.30,20
10848,Player2,262475.70,60
10854,Player2,262605.70,40
10860,Player2,262688.30,20
10867,Player2,262796.30,20
10868,Player2,262805.80,60
10872,Player2,262869.70,40
10878,Player2,262963.10,60
10881,Player2,263002.00,60
10884,Player2,263050.00,40
10886,Player2,263091.70,80
10887,Player2,263105.00,40
10888,Player2,263121.00,20
10891,Player2,263187.70,60
10894,Player2,263233.30,20
10895,Player2,263250.70,40
10896,Player2,263264.00,40
10899,Player2,263313.30,40
10902,Player2,263352.10,20
10904,Player2,263376.00,20
10906,Player2,263409.30,20
10908,Player2,263470.80,60
10912,Player2,263521.70,40
10913,Player2,263531.00,60
10923,Player2,263744.30,20
10925,Player2,263775.00,20
10926,Player2,263789.80,60
10929,Player2,263866.70,20
10931,Player2,263901.30,20
10933,Player2,263938.70,20
10936,Player2,263993.60,20
10937,Player2,264010.10,20
10939,Player2,264046.00,20
10941,Player2,264060.40,40
10945,Player2,264123.00,40
10948,Player2,264172.30,20
10952,Player2,264220.70,40
10954,Player2,264255.30,40
10955,Player2,264292.70,40
10957,Player2,264315.40,40
10959,Player2,264342.00,20
10963,Player2,264414.00,40
10964,Player2,264423.40,40
10965,Player2,264430.00,60
10966,Player2,264444.90,20
10976,Player2,264598.30,100
10979,Player2,264634.80,20
10981,Player2,264657.40,20
10982,Player2,264670.70,40
10988,Player2,264770.70,60
10989,Player2,264786.70,20
10992,Player2,264835.50,40
10997,Player2,264931.30,60
10999,Player2,264962.00,40
11001,Player2,265001.00,80
11005,Player2,265073.00,20
11009,Player2,265144.10,40
11013,Player2,265226.00,20
11016,Player2,265300.70,20
11017,Player2,265316.70,20
11019,Player2,265348.70,20
11020,Player2,265363.30,40
11025,Player2,265477.00,20
11028,Player2,265530.70,40
11029,Player2,265552.00,40
11037,Player2,265683.00,20
11041,Player2,265739.10,40
11042,Player2,265757.70,40
11044,Player2,265791.30,20
11046,Player2,265827.40,20
11048,Player2,265847.40,60
11049,Player2,265864.70,40
11051,Player2,265891.30,40
11052,Player2,265908.80,20
11053,Player2,265940.70,20
11054,Player2,265961.00,60
11056,Player2,265999.70,20
11057,Player2,266018.30,20
11058,Player2,266046.70,20
11059,Player2,266061.30,20
11060,Player2,266085.30,20
11062,Player2,266124.00,20
11065,Player2,266161.30,40
11066,Player2,266181.70,20
11071,Player2,266281.30,20
11072,Player2,266297.70,40
11074,Player2,266344.70,20
11075,Player2,266363.30,60
11087,Player2,266544.70,20
11088,Player2,266563.50,20
11093,Player2,266650.30,20
11096,Player2,266692.10,60
11097,Player2,266698.70,40
11098,Player2,266730.80,20
11103,Player2,266848.30,20
11109,Player2,267017.00,20
11110,Player2,267027.80,20
11111,Player2,267054.30,20
11112,Player2,267075.90,60
11113,Player2,267101.10,20
11114,Player2,267126.40,40
11115,Player2,267135.70,80
11116,Player2,267157.10,80
11117,Player2,267183.80,20
11118,Player2,267197.10,20
11119,Player2,267211.70,40
11120,Player2,267229.00,40
11122,Player2,267274.30,40
11123,Player2,267291.70,80
11129,Player2,267402.70,60
11132,Player2,267463.00,60
11133,Player2,267477.80,80
11134,Player2,267496.30,60
11138,Player2,267559.30,40
11139,Player2,267566.10,80
11143,Player2,267610.50,60
11145,Player2,267638.80,60
11148,Player2,267685.30,60
11149,Player2,267692.00,80
11153,Player2,267756.20,40
11154,Player2,267773.40,20
11160,Player2,267918.70,20
11162,Player2,267966.80,20
11165,Player2,268030.70,20
11166,Player2,268049.30,20
11167,Player2,268069.30,60
11169,Player2,268118.70,20
11174,Player2,268248.30,40
11176,Player2,268269.70,20
11177,Player2,268295.00,60
11180,Player2,268363.00,20
11183,Player2,268425.70,40
11185,Player2,268456.40,20
11187,Player2,268488.30,40
11188,Player2,268507.10,20
11190,Player2,268558.00,80
11191,Player2,268572.80,20
11192,Player2,268583.30,60
11193,Player2,268599.30,80
11195,Player2,268622.00,20
11198,Player2,268662.00,20
11206,Player2,268809.00,60
11211,Player2,268878.40,20
11212,Player2,268889.00,40
11213,Player2,268909.10,60
11216,Player2,268969.50,40
11218,Player2,269010.80,60
11219,Player2,269024.00,20
11220,Player2,269040.00,60
11221,Player2,269069.40,40
11223,Player2,269104.30,60
11224,Player2,269128.30,20
11225,Player2,269160.30,20
11227,Player2,269220.30,20
11229,Player2,269257.70,40
11230,Player2,269281.70,20
11231,Player2,269304.30,20
11232,Player2,269333.70,60
11234,Player2,269367.00,20
11237,Player2,269435.10,60
11241,Player2,269481.70,80
11246,Player2,269561.70,20
11247,Player2,269583.10,80
11248,Player2,269599.00,20
11250,Player2,269640.30,20
11252,Player2,269671.10,20
11256,Player2,269756.70,20
11257,Player2,269782.00,20
11258,Player2,269810.10,20
11262,Player2,269891.50,60
11263,Player2,269898.00,20
11266,Player2,269961.10,20
11267,Player2,269982.30,20
11273,Player2,270068.40,20
11274,Player2,270085.70,40
11279,Player2,270169.10,60
11283,Player2,270271.90,20
11284,Player2,270282.70,40
11292,Player2,270388.70,20
11298,Player2,270503.70,20
11301,Player2,270546.30,20
11302,Player2,270563.80,80
11305,Player2,270609.00,40
11306,Player2,270619.90,40
11311,Player2,270726.80,20
11313,Player2,270765.70,60
11314,Player2,270784.30,20
11320,Player2,270892.30,60
11321,Player2,270919.00,20
11323,Player2,270951.10,20
11324,Player2,270972.80,20
11325,Player2,270998.00,40
11326,Player2,271012.70,60
11329,Player2,271039.30,40
11330,Player2,271046.10,40
11331,Player2,271066.20,20
11334,Player2,271124.00,20
11335,Player2,271144.30,60
11339,Player2,271221.80,40
11343,Player2,271289.70,20
11344,Player2,271321.80,40
11345,Player2,271339.00,20
11346,Player2,271356.30,40
11352,Player2,271448.50,60
11356,Player2,271523.00,20
11359,Player2,271606.10,20
11361,Player2,271640.70,20
11363,Player2,271691.60,60
11364,Player2,271704.70,40
11365,Player2,271722.00,20
11377,Player2,271985.00,40
11381,Player2,272062.80,60
11382,Player2,272069.30,20
11384,Player2,272134.80,20
11385,Player2,272157.30,40
11388,Player2,272233.30,40
11393,Player2,272301.70,60
11394,Player2,272328.60,20
11397,Player2,272384.70,20
11398,Player2,272410.30,20
11401,Player2,272453.30,20
11406,Player2,272565.30,40
11407,Player2,272582.70,20
11414,Player2,272668.00,20
11418,Player2,272718.80,20
11422,Player2,272789.40,60
11424,Player2,272828.00,20
11425,Player2,272843.40,100
11426,Player2,272865.10,20
11427,Player2,272890.30,20
11429,Player2,272915.80,40
11430,Player2,272930.40,20
11431,Player2,272937.00,40
11432,Player2,272970.30,40
11433,Player2,273001.70,40
11434,Player2,273020.40,40
11435,Player2,273027.00,20
11436,Player2,273055.00,60
11438,Player2,273084.30,40
11439,Player2,273108.30,40
11440,Player2,273115.00,20
11441,Player2,273129.80,80
11442,Player2,273148.50,40
11443,Player2,273157.70,40
11447,Player2,273244.50,20
11449,Player2,273293.70,20
11451,Player2,273349.70,20
11452,Player2,273373.70,20
11454,Player2,273406.00,20
11458,Player2,273476.70,40
11461,Player2,273555.70,20
11471,Player2,273714.30,40
11473,Player2,273734.40,60
11474,Player2,273742.30,20
11478,Player2,273803.70,20
11481,Player2,273866.40,40
11482,Player2,273879.90,40
11484,Player2,273906.80,20
11487,Player2,273961.40,40
11499,Player2,274169.50,40
11501,Player2,274190.70,20
11502,Player2,274206.90,60
11505,Player2,274261.30,40
11506,Player2,274285.60,20
11513,Player2,274412.30,40
11514,Player2,274427.00,40
11515,Player2,274447.30,20
11517,Player2,274471.30,40
11518,Player2,274498.30,20
11521,Player2,274549.00,20
11522,Player2,274557.00,80
11524,Player2,274609.00,40
11529,Player2,274737.40,20
11530,Player2,274766.70,20
11531,Player2,274785.40,80
11536,Player2,274884.10,40
11537,Player2,274916.10,40
11538,Player2,274945.40,20
11539,Player2,274970.70,20
11540,Player2,274992.00,40
11543,Player2,275025.30,20
11549,Player2,275148.00,40
11552,Player2,275208.70,20
11553,Player2,275226.00,80
11554,Player2,275236.70,20
11557,Player2,275307.40,20
11560,Player2,275373.10,60
11567,Player2,275505.40,40
11568,Player2,275532.00,40
11575,Player2,275650.00,20
11578,Player2,275731.70,60
11581,Player2,275787.80,40
11582,Player2,275802.40,40
11584,Player2,275850.40,40
11585,Player2,275878.30,20
11589,Player2,275941.00,20
11594,Player2,276045.00,60
11596,Player2,276063.50,60
11601,Player2,276150.00,60
11605,Player2,276224.70,40
11606,Player2,276239.30,20
11611,Player2,276324.90,40
11613,Player2,276361.10,60
11614,Player2,276381.30,60
11620,Player2,276503.50,20
11624,Player2,276572.40,60
11625,Player2,276591.00,40
11626,Player2,276608.30,20
11627,Player2,276625.80,60
11629,Player2,276661.70,40
11630,Player2,276676.40,40
11631,Player2,276689.80,40
11633,Player2,276728.30,20
11634,Player2,276737.70,40
11636,Player2,276765.70,20
11637,Player2,276795.00,40
11638,Player2,276809.80,80
11639,Player2,276820.30,20
11640,Player2,276836.80,20
11642,Player2,276887.40,40
11653,Player2,277144.10,60
11655,Player2,277157.40,40
11656,Player2,277176.00,40
11657,Player2,277184.00,60
11658,Player2,277200.30,20
11659,Player2,277225.70,20
11661,Player2,277251.00,20
11666,Player2,277360.40,60
11668,Player2,277392.30,40
11671,Player2,277444.70,20
11673,Player2,277490.30,20
11674,Player2,277497.00,40
11678,Player2,277609.00,20
11685,Player2,277733.70,40
11687,Player2,277780.40,20
11688,Player2,277808.50,20
11690,Player2,277838.20,20
11693,Player2,277898.00,60
11694,Player2,277923.30,20
11696,Player2,277963.30,40
11697,Player2,277987.30,40
11699,Player2,278020.70,20
11700,Player2,278028.70,20
11705,Player2,278107.70,20
11706,Player2,278114.30,20
11708,Player2,278174.40,40
11709,Player2,278198.30,20
11713,Player2,278298.70,40
11716,Player2,278353.50,20
11717,Player2,278366.80,60
11719,Player2,278418.00,20
11720,Player2,278435.70,60
11721,Player2,278451.70,20
11722,Player2,278466.30,40
11727,Player2,278592.00,80
11728,Player2,278610.70,80
11748,Player2,278920.70,20
11749,Player2,278937.00,60
11750,Player2,278961.30,20
11751,Player2,278986.70,20
11752,Player2,279014.80,20
11753,Player2,279032.00,20
11758,Player2,279137.70,60
11763,Player2,279239.40,40
11765,Player2,279272.70,40
11766,Player2,279288.70,60
11767,Player2,279306.00,40
11773,Player2,279454.00,40
11774,Player2,279491.30,20
11775,Player2,279496.70,60
11797,Player2,279893.10,60
11798,Player2,279910.70,40
11801,Player2,279962.70,20
11805,Player2,280034.70,40
11806,Player2,280066.70,40
11809,Player2,280131.70,20
11814,Player2,280219.70,40
11815,Player2,280226.30,40
11818,Player2,280274.40,40
11819,Player2,280292.20,60
11823,Player2,280357.70,80
11825,Player2,280391.50,60
11827,Player2,280427.30,60
11828,Player2,280455.30,20
11831,Player2,280511.00,60
11836,Player2,280623.30,80
11837,Player2,280631.30,20
11840,Player2,280699.40,40
11847,Player2,280818.30,40
11849,Player2,280864.60,100
11850,Player2,280881.70,20
11851,Player2,280888.50,40
11853,Player2,280935.40,40
11855,Player2,280965.00,20
11856,Player2,280979.70,60
11863,Player2,281094.70,20
11870,Player2,281176.00,40
11874,Player2,281256.70,20
11875,Player2,281267.30,20
11877,Player2,281307.50,60
11878,Player2,281326.00,60
11880,Player2,281364.70,20
11881,Player2,281379.30,20
11883,Player2,281402.00,60
11885,Player2,281446.00,60
11889,Player2,281561.10,20
11891,Player2,281594.30,40
11900,Player2,281782.30,40
11901,Player2,281798.30,40
11908,Player2,281946.60,20
11920,Player2,282195.80,20
11923,Player2,282243.00,60
11925,Player2,282295.10,20
11930,Player2,282361.70,20
11931,Player2,282387.10,40
11932,Player2,282403.30,40
11935,Player2,282468.70,20
11944,Player2,282659.70,20
11946,Player2,282679.70,20
11947,Player2,282695.80,20
11948,Player2,282709.20,40
11949,Player2,282722.40,60
11951,Player2,282754.40,20
11956,Player2,282876.30,60
11957,Player2,282896.50,20
11958,Player2,282912.30,20
11960,Player2,282951.30,20
11961,Player2,282960.70,60
11965,Player2,283036.70,60
11967,Player2,283092.70,40
11969,Player2,283142.10,40
11970,Player2,283164.70,40
11973,Player2,283235.40,80
11974,Player2,283254.20,80
11980,Player2,283353.00,60
11981,Player2,283371.70,40
11988,Player2,283502.00,20
11991,Player2,283551.70,20
11994,Player2,283627.70,80
11995,Player2,283638.30,40
11996,Player2,283645.00,40
12001,Player2,283735.70,20
12003,Player2,283807.70,20
12004,Player2,283827.70,20
12005,Player2,283853.10,40
12007,Player2,283893.10,40
12010,Player2,283929.00,40
12011,Player2,283946.40,40
12013,Player2,283969.00,20
12014,Player2,283994.40,20
12016,Player2,284031.00,20
12020,Player2,284088.30,60
12022,Player2,284105.70,20
12024,Player2,284148.30,20
12027,Player2,284208.30,60
12029,Player2,284244.70,20
12030,Player2,284262.00,40
12031,Player2,284286.10,60
12045,Player2,284516.00,20
12046,Player2,284534.80,20
12048,Player2,284584.00,20
12049,Player2,284601.30,40
12051,Player2,284673.30,20
12052,Player2,284697.30,20
12060,Player2,284838.70,20
12062,Player2,284881.40,20
12063,Player2,284894.70,60
12064,Player2,284916.00,40
12068,Player2,284986.70,20
12072,Player2,285106.70,20
12073,Player2,285121.30,60
12074,Player2,285142.80,40
12075,Player2,285180.00,20
12076,Player2,285195.30,40
12078,Player2,285228.70,80
12083,Player2,285302.00,40
12085,Player2,285320.70,80
12086,Player2,285374.40,40
12087,Player2,285403.80,60
12089,Player2,285419.80,40
12090,Player2,285435.70,40
12091,Player2,285458.40,20
12094,Player2,285514.40,20
12095,Player2,285525.10,20
12097,Player2,285553.20,60
12098,Player2,285570.70,40
12099,Player2,285590.70,20
12100,Player2,285604.30,20
12105,Player2,285701.70,20
12108,Player2,285750.00,80
12111,Player2,285799.40,60
12118,Player2,285945.00,20
12120,Player2,285985.00,80
12124,Player2,286055.40,20
12130,Player2,286171.70,60
12131,Player2,286178.40,40
12134,Player2,286237.30,20
12136,Player2,286278.80,60
12139,Player2,286328.00,100
12142,Player2,286389.30,20
12143,Player2,286397.40,20
12148,Player2,286458.70,20
12153,Player2,286536.00,20
12154,Player2,286545.30,60
12155,Player2,286559.00,60
12157,Player2,286598.00,60
12158,Player2,286623.30,60
12163,Player2,286695.30,40
12166,Player2,286779.40,40
12175,Player2,286955.70,40
12176,Player2,286983.70,40
12180,Player2,287061.00,20
12181,Player2,287071.70,80
12182,Player2,287086.30,40
12185,Player2,287130.60,40
12188,Player2,287200.00,20
12190,Player2,287224.00,40
12191,Player2,287260.20,20
12193,Player2,287302.70,40
12194,Player2,287326.70,80
12195,Player2,287340.00,20
12197,Player2,287368.00,20
12198,Player2,287381.40,20
12199,Player2,287396.00,40
12201,Player2,287437.40,20
12206,Player2,287572.70,20
12207,Player2,287600.70,80
12209,Player2,287632.70,40
12210,Player2,287639.40,40
12212,Player2,287678.40,20
12214,Player2,287721.30,20
12216,Player2,287754.70,100
12218,Player2,287800.00,20
12219,Player2,287810.70,60
12220,Player2,287820.00,20
12221,Player2,287833.30,40
12222,Player2,287857.70,20
12224,Player2,287926.30,20
12226,Player2,287967.70,20
12232,Player2,288050.40,40
12236,Player2,288107.40,40
12237,Player2,288130.00,20
12238,Player2,288146.00,60
12242,Player2,288217.20,20
12244,Player2,288246.30,60
12248,Player2,288318.30,20
12249,Player2,288327.70,20
12250,Player2,288346.40,40
12254,Player2,288404.00,60
12259,Player2,288475.00,80
12263,Player2,288512.40,80
12266,Player2,288615.00,60
12270,Player2,288705.30,40
12274,Player2,288796.20,20
12275,Player2,288816.00,40
12276,Player2,288845.50,20
12277,Player2,288855.00,40
12278,Player2,288873.70,20
12279,Player2,288892.30,20
12280,Player2,288912.30,20
12281,Player2,288941.70,20
12282,Player2,288957.70,40
12288,Player2,289058.00,80
12290,Player2,289086.00,20
12296,Player2,289194.00,40
12302,Player2,289295.40,40
12314,Player2,289551.30,40
12315,Player2,289562.10,20
12316,Player2,289598.00,20
12318,Player2,289628.70,40
12319,Player2,289646.40,40
12320,Player2,289657.00,20
12321,Player2,289671.70,60
12322,Player2,289698.30,40
12323,Player2,289714.30,20
12325,Player2,289749.00,20
12327,Player2,289780.00,60
12331,Player2,289828.00,60
12332,Player2,289842.90,40
12333,Player2,289868.40,20
12337,Player2,289903.00,20
12338,Player2,289919.00,20
12341,Player2,289983.00,20
12342,Player2,290002.00,40
12343,Player2,290019.30,80
12344,Player2,290028.70,60
12346,Player2,290063.40,20
12347,Player2,290078.40,40
12351,Player2,290166.30,40
12352,Player2,290185.10,80
12353,Player2,290201.10,20
12354,Player2,290214.30,20
12355,Player2,290239.70,60
12358,Player2,290294.50,20
12363,Player2,290368.10,40
12368,Player2,290463.20,40
12370,Player2,290496.60,20
12372,Player2,290527.40,60
12373,Player2,290551.70,60
12374,Player2,290580.10,20
12375,Player2,290597.40,80
12378,Player2,290646.80,20
12380,Player2,290670.70,40
12384,Player2,290724.20,20
12386,Player2,290756.70,60
12387,Player2,290764.70,40
12393,Player2,290868.80,60
12394,Player2,290886.00,20
12398,Player2,290943.70,60
12403,Player2,291032.40,20
12404,Player2,291052.70,20
12405,Player2,291070.10,20
12410,Player2,291136.80,40
12413,Player2,291178.00,40
12421,Player2,291306.00,20
12422,Player2,291321.00,20
12424,Player2,291375.70,40
12425,Player2,291405.10,20
12436,Player2,291639.70,20
12437,Player2,291671.70,20
12438,Player2,291686.40,40
12440,Player2,291735.80,20
12442,Player2,291801.10,20
12443,Player2,291819.70,20
12444,Player2,291833.10,20
12445,Player2,291865.20,20
12449,Player2,291910.30,20
12450,Player2,291931.70,40
12451,Player2,291945.00,40
12452,Player2,291961.00,60
12453,Player2,291975.70,40
12454,Player2,291982.30,60
12455,Player2,291998.40,40
12460,Player2,292075.70,20
12461,Player2,292095.70,40
12465,Player2,292161.70,40
12466,Player2,292179.00,20
12469,Player2,292227.00,60
12471,Player2,292262.10,20
12476,Player2,292331.70,40
12485,Player2,292473.40,20
12486,Player2,292489.30,40
12487,Player2,292504.40,40
12488,Player2,292523.10,20
12489,Player2,292547.20,80
12497,Player2,292725.70,20
12498,Player2,292752.40,60
12504,Player2,292848.00,60
12505,Player2,292873.30,40
12509,Player2,292956.00,40
12510,Player2,292969.70,80
12513,Player2,293043.00,20
12514,Player2,293067.00,60
12515,Player2,293091.00,20
12516,Player2,293108.40,20
12517,Player2,293115.10,40
12529,Player2,293373.20,20
12535,Player2,293477.40,40
12537,Player2,293536.00,40
12541,Player2,293611.00,20
12543,Player2,293648.40,40
12545,Player2,293685.70,40
12547,Player2,293747.20,20
12548,Player2,293767.00,20
12549,Player2,293777.80,60
12552,Player2,293843.00,40
12553,Player2,293870.00,40
12556,Player2,293924.70,20
12557,Player2,293940.80,20
12559,Player2,293983.30,60
12560,Player2,293996.70,60
12561,Player2,294012.70,20
12562,Player2,294026.00,40
12563,Player2,294040.90,40
12565,Player2,294058.00,20
12566,Player2,294072.80,20
12567,Player2,294087.30,80
12568,Player2,294103.30,40
12571,Player2,294183.30,40
12572,Player2,294214.00,20
12573,Player2,294234.00,60
12574,Player2,294239.40,40
12576,Player2,294276.70,40
12577,Player2,294303.30,20
12578,Player2,294331.30,60
12579,Player2,294351.30,40
12580,Player2,294390.00,20
12581,Player2,294410.00,20
12582,Player2,294434.00,60
12583,Player2,294455.40,20
12588,Player2,294550.40,20
12594,Player2,294677.00,20
12597,Player2,294730.40,40
12598,Player2,294747.80,60
12600,Player2,294796.00,60
12604,Player2,294890.70,20
12607,Player2,294937.30,40
12609,Player2,295000.00,60
12611,Player2,295049.40,40
12625,Player2,295315.30,20
12627,Player2,295343.70,60
12629,Player2,295385.10,20
12632,Player2,295455.70,40
12636,Player2,295527.80,20
12638,Player2,295569.00,20
12642,Player2,295653.70,40
12643,Player2,295671.00,20
12654,Player2,295872.70,40
12655,Player2,295888.70,40
12656,Player2,295899.40,80
12659,Player2,295956.80,20
12663,Player2,296024.70,20
12665,Player2,296054.00,20
12666,Player2,296083.30,40
12667,Player2,296104.70,40
12672,Player2,296207.70,40
12673,Player2,296226.40,60
12674,Player2,296254.30,20
12675,Player2,296285.00,20
12679,Player2,296368.00,20
12680,Player2,296389.50,60
12688,Player2,296562.70,60
12689,Player2,296581.50,60
12691,Player2,296616.00,60
12697,Player2,296762.40,20
12698,Player2,296790.30,60
12699,Player2,296801.10,40
12700,Player2,296810.70,80
12701,Player2,296831.00,40
12703,Player2,296852.40,60
12704,Player2,296868.40,20
12708,Player2,296927.00,20
12709,Player2,296948.50,20
12711,Player2,297000.40,20
12712,Player2,297008.50,40
12714,Player2,297059.00,40
12721,Player2,297205.00,60
12722,Player2,297219.80,80
12725,Player2,297275.00,20
12729,Player2,297353.70,40
12730,Player2,297381.70,20
12732,Player2,297429.70,40
12738,Player2,297526.50,20
12741,Player2,297598.30,20
12742,Player2,297627.90,20
12744,Player2,297665.70,20
12745,Player2,297681.70,20
12747,Player2,297725.70,20
12748,Player2,297735.30,40
12751,Player2,297814.00,20
12754,Player2,297867.30,20
12755,Player2,297883.30,20
12758,Player2,297938.40,60
12759,Player2,297954.40,80
12760,Player2,297969.00,40
12766,Player2,298086.30,20
12767,Player2,298103.70,40
12768,Player2,298111.90,40
12770,Player2,298130.40,40
12771,Player2,298155.80,40
12773,Player2,298179.80,20
12776,Player2,298226.70,20
12780,Player2,298297.00,20
12785,Player2,298381.30,20
12787,Player2,298412.10,20
12788,Player2,298429.30,80
12789,Player2,298442.70,80
12792,Player2,298496.10,40
12793,Player2,298512.00,20
12795,Player2,298557.40,20
12797,Player2,298602.70,60
12798,Player2,298621.30,20
12800,Player2,298645.30,40
12801,Player2,298652.00,60
12802,Player2,298668.10,60
12803,Player2,298678.70,20
12805,Player2,298716.10,40
12809,Player2,298803.00,20
12810,Player2,298817.70,20
12811,Player2,298844.40,20
12812,Player2,298861.80,20
12813,Player2,298876.30,60
12816,Player2,298965.70,40
12817,Player2,298975.00,20
12819,Player2,299005.70,20
12820,Player2,299025.70,20
12822,Player2,299053.70,60
12824,Player2,299102.00,40
12826,Player2,299122.00,60
12828,Player2,299170.00,20
12830,Player2,299239.50,20
12831,Player2,299258.00,40
12832,Player2,299275.40,40
12837,Player2,299375.30,80
12841,Player2,299458.00,40
12842,Player2,299469.10,60
12843,Player2,299485.10,60
12844,Player2,299498.40,20
12848,Player2,299565.30,40
12849,Player2,299589.50,40
12850,Player2,299597.30,40
12852,Player2,299618.70,40
12854,Player2,299644.00,20
12855,Player2,299654.70,20
12856,Player2,299664.10,60
12865,Player2,299837.70,80
12866,Player2,299863.00,80
12867,Player2,299887.10,20
12868,Player2,299916.80,20
12869,Player2,299940.70,40
12870,Player2,299962.00,60
12872,Player2,299984.70,20
